0,0.048193,0,0,0,0,0,0,0,0,0,0,0,0,0,0,0,0,0,0,0,0,0,0,0,0,0,0,0,0,0,0,0,0,0,0,0,0,0,0,0,0,0,0,0,0,0,0,0,0,0,0,0,0,0,0.096386,0,0,0,0,0,0,0,0,0,0,0,0,0.060241,0.14458,0,0,0,0,0.084337,0,0,0,0,0,0,0,0,0,0.22892,0,0,0,0.18072,0,0,0,0,0,0,0.15663,0,0,0,0,0,0,0,0,0,0,0,0,0,0,0,0,0,0,0,0,0,0,0,0,0,0,0,0,0,0,0,0,0,0,0,0,0,0,0,0,0,0,0
0.13115,0,0,0,0,0.32787,0,0,0,0,0,0,0,0,0,0,0,0,0,0,0,0,0,0,0,0.27869,0,0,0,0,0,0,0,0,0,0,0,0,0,0,0,0,0,0,0,0,0,0,0,0,0,0,0,0,0,0,0,0,0,0,0,0,0,0,0,0,0,0,0,0,0,0,0,0,0,0.2623,0,0,0,0,0,0,0,0,0,0,0,0,0,0,0,0,0,0,0,0,0,0,0,0,0,0,0,0,0,0,0,0,0,0,0,0,0,0,0,0,0,0,0,0,0,0,0,0,0,0,0,0,0,0,0,0,0,0,0,0,0,0,0
0,0,0,0,0,0,0,0,0,0,0,0,0,0,0,0,0,0,0,0,0,0,0,0,0,0,0,0,0,0,0,0,0,0,0,0,0,0,0,0,0,0,0,0,0,0,0,0,0,0,0,0,0,0,0,0,0,0,0,0,0,0,0,0,0,0,0,0,0,0,0,0,0,0,0,0,0,0,0,0,0,0,0,0,0,0,0,0,0,0,0,0,0,0,0,0,0,0,0,0,0,0,0,0,0,0,0,0,0,0,0,0,0,0,0,0,0,0,0,0,0,0,0,0,0,0,0,0,0,0,0,0,0,0,0,0,0,0,0
0,0,0,0,0,0,0,0,0,0,0,0,0,0,0,0,0,0,0,0,1,0,0,0,0,0,0,0,0,0,0,0,0,0,0,0,0,0,0,0,0,0,0,0,0,0,0,0,0,0,0,0,0,0,0,0,0,0,0,0,0,0,0,0,0,0,0,0,0,0,0,0,0,0,0,0,0,0,0,0,0,0,0,0,0,0,0,0,0,0,0,0,0,0,0,0,0,0,0,0,0,0,0,0,0,0,0,0,0,0,0,0,0,0,0,0,0,0,0,0,0,0,0,0,0,0,0,0,0,0,0,0,0,0,0,0,0,0,0
0,0,0,0,0,0.12903,0.096774,0,0,0.11613,0,0.19355,0.096774,0.090323,0,0,0,0,0,0,0,0,0,0,0,0,0,0,0,0,0,0,0,0,0,0,0,0,0,0,0,0,0,0,0,0,0,0,0,0,0,0,0,0,0,0,0,0,0,0,0,0,0,0,0,0,0,0,0,0,0,0,0,0,0,0,0,0,0,0,0,0,0,0,0,0,0,0,0,0,0,0,0,0,0,0,0,0,0.11613,0,0,0,0,0,0,0,0,0,0,0,0,0,0,0,0,0,0.083871,0,0,0.077419,0,0,0,0,0,0,0,0,0,0,0,0,0,0,0,0,0,0,0
0,0.017467,0,0,0.039301,0,0.065502,0.021834,0,0.078603,0,0,0.065502,0,0,0.030568,0,0,0.043668,0,0,0,0,0,0,0,0,0,0,0,0,0,0,0,0,0,0,0,0,0,0,0,0,0,0,0,0,0,0,0,0.061135,0,0,0,0,0,0,0,0,0,0,0,0,0,0,0,0,0,0,0,0,0,0,0,0.030568,0.069869,0.074236,0,0,0,0,0,0,0,0,0,0,0,0.065502,0,0,0,0,0,0.043668,0,0,0,0,0,0,0,0.030568,0.0131,0,0,0.056769,0,0,0,0,0,0,0,0,0,0.056769,0,0,0,0,0.052402,0,0,0,0,0.082969,0,0,0,0,0,0,0,0,0,0,0,0
0,0,0,0,0.052023,0.11561,0,0.028902,0,0.10405,0,0,0.086705,0,0,0,0,0,0.057803,0,0.057803,0,0,0,0,0,0,0,0,0,0,0.023121,0,0,0,0,0,0,0,0,0,0,0,0,0,0,0,0,0,0,0,0,0,0,0,0,0,0,0,0,0,0,0.11561,0,0,0,0,0,0,0,0,0,0,0,0,0,0,0,0,0,0,0,0,0.052023,0,0,0,0,0,0,0,0,0,0,0,0,0,0,0,0,0,0,0,0,0.086705,0,0,0,0,0,0,0.052023,0,0.057803,0,0,0.075145,0,0,0,0,0,0,0,0,0,0,0,0,0.034682,0,0,0,0,0,0,0,0,0
0,0,0,0,0,0.27778,0.20833,0,0,0,0,0,0.20833,0.19444,0,0,0,0,0,0,0,0,0,0,0,0,0,0,0,0,0,0,0,0,0,0,0,0.11111,0,0,0,0,0,0,0,0,0,0,0,0,0,0,0,0,0,0,0,0,0,0,0,0,0,0,0,0,0,0,0,0,0,0,0,0,0,0,0,0,0,0,0,0,0,0,0,0,0,0,0,0,0,0,0,0,0,0,0,0,0,0,0,0,0,0,0,0,0,0,0,0,0,0,0,0,0,0,0,0,0,0,0,0,0,0,0,0,0,0,0,0,0,0,0,0,0,0,0,0,0
0,0,0,0,0,0,0,0,0,0.1118,0.14907,0.18634,0,0.086957,0,0,0,0,0,0,0,0,0.11801,0,0,0,0,0,0,0,0,0,0,0,0,0,0,0,0,0,0,0,0,0,0,0,0,0,0,0,0,0,0,0,0,0,0,0,0,0,0,0,0,0,0,0,0,0,0,0,0,0,0,0,0,0,0.10559,0.086957,0,0,0,0,0,0,0,0,0,0,0,0,0,0,0,0,0,0.080745,0,0,0,0,0,0,0,0,0,0,0,0,0,0,0,0,0,0,0,0,0,0,0,0.074534,0,0,0,0,0,0,0,0,0,0,0,0,0,0,0,0,0,0,0
0,0,0,0,0.033962,0.075472,0.056604,0,0.033962,0,0,0.11321,0.056604,0,0.015094,0,0,0,0,0,0,0,0,0,0,0,0,0,0,0,0,0,0.060377,0,0,0,0,0,0,0,0,0,0,0,0,0,0.09434,0,0,0,0,0,0,0,0,0,0,0,0,0.10943,0,0,0,0,0,0.086792,0,0,0,0,0,0,0,0,0,0,0,0.05283,0.018868,0,0.018868,0,0,0.033962,0,0,0,0,0,0,0,0,0,0,0,0,0,0,0,0,0,0,0,0,0,0,0,0,0,0,0,0,0,0,0,0,0,0,0,0,0.075472,0,0,0,0,0,0,0,0.041509,0,0.022642,0,0,0,0,0,0,0,0
0,0,0,0,0,0,0,0,0.027523,0,0,0.091743,0.045872,0,0,0,0,0,0.030581,0,0.030581,0.021407,0,0.027523,0,0,0,0,0,0,0,0,0.04893,0,0,0,0,0,0,0,0,0,0,0,0,0,0,0,0,0.036697,0.042813,0,0,0.076453,0.042813,0.024465,0.04893,0,0,0.088685,0,0,0,0,0,0,0,0,0,0,0,0,0,0,0,0.04893,0,0,0,0.027523,0,0,0,0.027523,0,0,0,0,0,0,0,0,0,0,0,0.039755,0,0,0,0,0,0.042813,0,0,0,0,0.039755,0.027523,0,0,0,0,0,0.030581,0,0,0,0,0,0,0,0,0,0,0,0,0,0,0,0,0,0.030581,0,0,0,0,0,0,0
0,0,0,0,0.021845,0,0,0,0.021845,0.043689,0.058252,0,0.036408,0,0.0097087,0,0,0,0,0,0,0.01699,0.046117,0,0,0,0,0,0,0.033981,0,0,0.038835,0,0,0,0,0,0,0,0,0,0,0,0,0,0,0,0.0097087,0.029126,0,0,0,0.06068,0.033981,0.019417,0.038835,0,0,0.070388,0,0,0,0,0,0,0,0,0,0,0,0,0,0,0,0.038835,0.041262,0.033981,0,0.021845,0,0,0,0,0.046117,0,0,0,0,0,0,0.033981,0,0,0.024272,0,0,0,0,0,0,0,0.01699,0,0,0,0,0,0,0,0,0,0.036408,0,0,0,0,0,0,0.029126,0.048544,0,0,0,0,0,0,0.024272,0,0.014563,0,0,0,0,0,0,0,0,0
0,0,0,0,0.041667,0.092593,0.069444,0.023148,0,0.083333,0.11111,0.13889,0,0,0,0,0,0,0,0,0,0,0,0,0,0,0,0,0,0.064815,0.055556,0,0,0,0,0,0,0,0,0,0,0,0,0,0,0,0,0,0,0,0,0,0,0,0,0,0,0,0,0,0,0,0,0,0,0,0,0,0,0,0,0,0,0,0,0,0,0,0.023148,0,0,0,0.023148,0,0,0,0,0,0,0,0,0,0,0,0.046296,0,0,0,0.083333,0,0,0,0,0,0,0,0,0,0,0,0,0,0,0,0,0,0,0,0,0,0,0.055556,0,0,0,0,0.087963,0,0,0,0,0,0,0,0,0,0,0,0
0,0,0,0,0.062069,0,0,0.034483,0.062069,0,0,0,0,0,0.027586,0,0,0,0.068966,0,0,0.048276,0,0,0,0,0,0,0,0,0,0,0,0,0,0,0.10345,0,0,0,0,0,0,0,0,0,0.17241,0,0,0,0,0,0,0,0,0,0,0,0,0,0,0,0,0,0,0.15862,0,0,0,0,0,0,0.027586,0,0,0,0,0,0,0,0,0,0,0,0,0,0,0,0.10345,0,0,0,0,0,0,0,0,0,0,0,0,0,0.048276,0,0,0,0,0.062069,0,0,0,0,0,0,0,0.02069,0,0,0,0,0,0,0,0,0,0,0,0,0,0,0,0,0,0,0,0,0,0,0
0,0,0,0,0,0,0,0,0,0.23377,0,0.38961,0,0.18182,0,0,0,0,0,0,0,0,0,0,0,0,0,0,0,0,0,0,0,0,0,0,0.19481,0,0,0,0,0,0,0,0,0,0,0,0,0,0,0,0,0,0,0,0,0,0,0,0,0,0,0,0,0,0,0,0,0,0,0,0,0,0,0,0,0,0,0,0,0,0,0,0,0,0,0,0,0,0,0,0,0,0,0,0,0,0,0,0,0,0,0,0,0,0,0,0,0,0,0,0,0,0,0,0,0,0,0,0,0,0,0,0,0,0,0,0,0,0,0,0,0,0,0,0,0,0
0,0,0,0,0,0.21978,0,0,0,0,0,0,0,0,0,0,0.065934,0,0,0,0.10989,0,0,0.098901,0,0,0,0,0,0,0.13187,0,0,0,0,0,0,0,0,0,0,0,0,0,0,0,0,0,0,0,0,0,0,0,0,0,0,0,0,0,0,0,0,0,0,0,0,0,0,0,0,0,0,0,0,0,0,0,0,0,0,0,0,0,0,0,0,0,0,0,0,0,0,0,0,0,0,0,0,0,0,0,0,0,0,0,0,0,0,0,0,0,0.16484,0,0,0,0,0,0,0,0,0,0,0,0,0,0.20879,0,0,0,0,0,0,0,0,0,0,0,0
0,0,0,0,0,0,0,0,0,0,0,0,0,0,0,0.15909,0,0,0.22727,0,0.22727,0,0,0.20455,0.090909,0,0.090909,0,0,0,0,0,0,0,0,0,0,0,0,0,0,0,0,0,0,0,0,0,0,0,0,0,0,0,0,0,0,0,0,0,0,0,0,0,0,0,0,0,0,0,0,0,0,0,0,0,0,0,0,0,0,0,0,0,0,0,0,0,0,0,0,0,0,0,0,0,0,0,0,0,0,0,0,0,0,0,0,0,0,0,0,0,0,0,0,0,0,0,0,0,0,0,0,0,0,0,0,0,0,0,0,0,0,0,0,0,0,0,0
0,0,0,0,0,0,0,0,0,0,0,0,0,0,0,0,0,0,0,0,0,0,0.19388,0,0,0,0,0,0,0,0,0,0,0,0,0,0.15306,0.081633,0,0,0,0,0,0,0.18367,0,0,0,0,0,0,0,0,0,0,0,0,0,0,0,0,0,0,0,0.16327,0,0,0,0,0,0,0,0,0,0,0,0,0,0,0,0,0,0,0,0,0,0,0,0,0,0,0,0,0,0,0,0,0,0,0,0,0,0,0,0,0,0,0,0,0,0,0,0,0,0,0,0,0,0,0,0,0.12245,0,0,0,0,0,0.10204,0,0,0,0,0,0,0,0,0,0,0
0,0,0,0,0,0.12579,0.09434,0,0,0,0.15094,0,0,0.08805,0,0,0.037736,0,0,0,0,0,0,0,0,0,0,0,0,0.08805,0,0,0,0,0,0,0,0,0,0,0,0,0,0,0,0,0,0,0,0,0,0,0,0,0.08805,0,0,0,0,0,0,0,0,0,0,0,0,0,0,0,0,0,0,0,0,0,0,0.08805,0,0,0,0,0,0,0.1195,0,0,0,0,0,0,0,0,0,0,0,0,0,0,0,0,0,0,0,0,0,0,0,0,0,0,0,0,0,0,0,0,0,0,0,0,0,0,0,0,0,0.1195,0,0,0,0,0,0,0,0,0,0,0,0
0,0,0,0,0,0,0,0,0,0,0,0,0,0,0,0,0,0,0,0,0,0,0,0,0,0,0,0,0,0,0,0,0,0,0,0,0,0,0,0,0,0,0,0,0,0,0,0,0,0,0,0,0,0,0,0,0,0,0,0,0,0,0,0,0,0,0,0,0,0,0,0,0,0,0,0,0,0,0,0,0,0,0,0,0,0,0,0,0,0,0,0,0,0,0,0,0,0,0,0,0,0,0,0,0,0,0,0,0,0,0,0,0,0,0,0,0,0,0,0,0,0,0,0,0,0,0,0,0,0,0,0,0,0,0,0,0,0,0
0,0,0,0.010204,0,0,0.15306,0,0,0,0.2449,0,0,0,0,0.071429,0.061224,0,0,0,0,0,0,0.091837,0,0,0,0,0,0,0,0,0,0,0,0,0,0,0,0,0,0,0,0,0,0,0,0,0.040816,0,0,0,0,0,0,0,0,0,0,0,0,0,0,0,0,0,0,0.13265,0,0,0,0,0,0,0,0,0,0,0,0.091837,0,0,0,0,0,0,0,0,0,0,0,0,0,0,0,0,0,0,0,0,0,0,0,0,0,0,0,0,0,0,0,0,0,0.10204,0,0,0,0,0,0,0,0,0,0,0,0,0,0,0,0,0,0,0,0,0,0,0,0,0
0,0,0,0,0,0,0,0,0,0,0.1791,0.22388,0,0.10448,0,0,0,0,0,0,0,0,0.14179,0,0,0,0,0,0,0,0,0,0,0,0,0,0,0,0,0,0,0,0,0,0,0,0,0,0,0,0,0,0,0,0,0,0,0,0,0,0,0,0,0,0,0,0,0,0,0,0,0,0,0,0,0,0,0,0,0,0,0,0,0,0,0,0,0,0,0,0,0,0,0,0,0.097015,0,0,0,0,0,0,0,0,0,0,0,0,0,0,0,0,0.11194,0,0,0,0,0,0,0,0,0,0,0,0,0,0.14179,0,0,0,0,0,0,0,0,0,0,0,0
0,0,0,0,0,0,0,0,0.035857,0,0,0.11952,0,0,0,0,0,0.027888,0,0,0,0.027888,0,0,0,0.067729,0,0,0,0.055777,0,0,0.063745,0,0,0,0,0,0,0,0,0,0,0,0,0,0.099602,0.043825,0,0,0,0,0,0,0.055777,0,0,0,0,0,0,0.031873,0,0,0,0,0,0,0,0.047809,0,0,0,0,0,0,0.067729,0,0,0,0.01992,0,0,0,0,0,0,0,0,0,0,0,0,0,0.039841,0.051793,0,0,0,0,0,0.055777,0,0,0,0,0,0,0,0,0,0.035857,0,0,0,0,0.051793,0,0,0,0,0,0,0,0,0,0,0,0,0,0,0,0,0,0,0,0,0,0
0,0,0,0,0,0,0,0,0,0,0.19048,0,0,0,0,0.055556,0.047619,0,0,0,0.079365,0,0,0,0,0.13492,0,0,0,0.11111,0,0,0,0,0,0,0,0,0,0,0,0,0,0,0,0,0.19841,0,0.031746,0,0,0,0,0,0,0,0,0,0,0,0,0,0,0,0,0,0,0,0,0,0,0,0,0,0,0,0,0,0,0,0,0,0,0,0,0,0,0,0,0,0,0,0,0,0,0,0,0,0,0,0,0,0,0,0,0,0,0,0,0,0,0,0,0,0,0,0,0,0,0,0,0,0,0,0,0,0.15079,0,0,0,0,0,0,0,0,0,0,0,0
0,0,0,0,0,0,0,0,0,0,0,0,0,0,0,0,0.10345,0,0,0,0,0,0,0,0,0.2931,0,0,0,0,0,0,0,0,0,0,0,0,0,0,0,0,0,0,0.31034,0,0,0,0,0,0,0,0,0,0,0,0,0,0,0,0,0,0,0,0,0,0,0,0,0,0,0,0,0,0,0,0.2931,0,0,0,0,0,0,0,0,0,0,0,0,0,0,0,0,0,0,0,0,0,0,0,0,0,0,0,0,0,0,0,0,0,0,0,0,0,0,0,0,0,0,0,0,0,0,0,0,0,0,0,0,0,0,0,0,0,0,0,0,0,0
0,0.022599,0,0,0,0,0,0,0,0,0,0,0,0,0,0,0,0,0,0,0,0,0.10734,0.050847,0.022599,0,0,0,0.016949,0.079096,0,0,0.090395,0,0,0.039548,0.084746,0,0,0.011299,0,0,0,0,0,0,0.14124,0.062147,0,0,0,0,0,0,0,0,0,0,0,0,0,0,0,0,0,0,0,0,0,0,0,0,0,0,0,0,0,0,0,0,0,0,0,0,0,0,0,0,0,0,0,0,0,0,0,0,0,0,0,0,0,0,0.039548,0,0,0,0,0,0,0,0,0,0,0.056497,0,0,0,0,0,0,0.11299,0,0,0,0,0.050847,0,0,0,0,0,0,0.011299,0,0,0,0,0,0
0,0,0,0,0,0,0,0,0,0,0,0,0,0,0,0,0.11765,0,0,0,0,0,0,0,0,0,0,0,0,0,0,0,0,0,0,0,0,0.15686,0,0,0,0,0,0,0.35294,0,0,0,0,0,0,0,0,0,0,0,0,0,0,0,0,0,0,0,0,0,0,0,0,0,0,0,0,0,0,0,0,0,0,0,0,0,0,0,0,0,0,0,0,0,0,0,0,0,0,0,0,0,0,0,0,0,0,0,0,0,0,0,0,0,0,0,0,0,0,0,0,0,0,0,0,0,0,0,0,0,0.37255,0,0,0,0,0,0,0,0,0,0,0,0
0,0,0,0,0,0,0,0,0,0,0,0,0,0,0,0,0,0,0,0,0,0,0,0,0,0,0,0,0,0,0,0,0,0,0,0,0,0,0,0,0,0,0,0,0,0,0,0,0,0,0,0,0,0,0,0,0,0,0,0,0,0,0,0,0.51613,0,0,0,0,0,0,0,0,0,0,0,0,0,0,0,0,0,0,0,0,0,0,0,0,0,0,0,0,0,0,0,0,0,0,0,0,0,0,0,0,0,0,0,0,0,0,0,0.48387,0,0,0,0,0,0,0,0,0,0,0,0,0,0,0,0,0,0,0,0,0,0,0,0,0,0
0,0,0,0,0,0,0,0,0,0,0,0,0,0,0,0,0,0,0,0,0,0,0,0,0,0.34694,0,0,0,0,0,0,0,0,0,0,0,0,0,0,0,0,0,0,0,0,0,0,0,0,0,0,0,0,0,0,0,0,0,0,0,0,0,0,0,0,0,0,0,0,0,0,0,0,0,0,0,0,0,0,0,0,0,0,0,0,0,0,0,0,0,0,0,0,0,0,0,0,0,0,0,0,0,0,0,0,0,0,0,0,0,0,0,0,0,0,0.26531,0,0,0,0,0,0,0,0,0,0.38776,0,0,0,0,0,0,0,0,0,0,0,0
0,0,0,0,0,0,0,0,0,0,0,0.15152,0.075758,0,0,0,0,0,0.050505,0,0,0,0.09596,0.045455,0,0.085859,0,0,0,0,0.060606,0.020202,0.080808,0,0,0,0,0,0,0,0,0,0,0,0,0,0,0,0,0,0,0,0,0,0,0,0,0,0,0,0,0,0,0,0,0,0,0,0,0,0,0,0,0,0,0,0,0,0,0,0,0,0,0,0,0,0,0,0.075758,0,0,0,0,0,0,0,0,0,0,0,0,0,0,0,0,0,0,0,0,0,0,0,0,0,0,0,0.065657,0,0,0.060606,0.10101,0,0.030303,0,0,0,0,0,0,0,0,0,0,0,0,0,0,0,0
0,0,0,0,0,0,0,0,0,0,0,0,0.1049,0,0,0.048951,0,0,0,0,0,0,0,0,0,0,0,0,0,0.097902,0,0.027972,0.11189,0,0,0,0,0,0,0,0,0,0,0,0,0,0,0,0,0,0,0,0,0,0.097902,0,0,0,0,0,0,0,0,0,0,0,0.13287,0,0,0,0.034965,0,0,0,0,0,0,0,0,0,0.034965,0,0,0,0,0,0,0,0,0,0,0,0,0,0,0,0,0,0,0,0,0,0,0,0,0,0,0,0,0,0,0,0,0,0,0,0.090909,0,0,0.083916,0,0,0,0,0,0,0.13287,0,0,0,0,0,0,0,0,0,0,0,0
0,0,0,0,0,0,0.25,0,0,0,0,0,0,0,0,0,0,0,0,0,0,0,0,0,0,0,0,0,0,0.23333,0.2,0,0,0,0,0,0,0,0,0,0,0,0,0,0,0,0,0,0,0,0,0,0,0,0,0,0,0,0,0,0,0,0,0,0,0,0,0,0,0,0,0,0,0,0,0,0,0,0,0,0,0,0,0,0,0,0,0,0,0,0,0,0,0,0,0,0,0,0,0,0,0,0,0,0,0,0,0,0,0,0,0,0,0,0,0,0,0,0,0,0,0,0,0,0,0,0.31667,0,0,0,0,0,0,0,0,0,0,0,0
0,0,0,0,0,0,0,0,0,0.064057,0.085409,0.10676,0,0,0,0,0,0,0,0,0,0,0.067616,0,0,0.060498,0,0,0,0.049822,0.042705,0,0,0,0,0,0.053381,0,0,0,0,0,0,0,0,0,0.088968,0,0,0,0.049822,0,0,0,0.049822,0,0,0,0,0,0,0,0,0,0,0,0,0,0,0,0,0,0,0,0,0.05694,0,0.049822,0,0,0,0,0,0,0,0,0,0,0,0,0,0,0,0,0,0,0,0,0,0,0,0,0,0,0,0,0,0,0,0,0,0,0,0,0,0,0,0,0,0,0.071174,0,0,0,0,0,0.067616,0.035587,0,0,0,0,0,0,0,0,0,0,0
0,0,0,0,0,0,0,0,0,0,0,0,0,0,0,0,0,0,0,0,0,0,0,0,0,0,0,0,0,0,0,0,0,0,0,0,0,0,0,0,0,0,0,0,0,0,0,0,0,0,0,0,0,0,0,0,0,0,1,0,0,0,0,0,0,0,0,0,0,0,0,0,0,0,0,0,0,0,0,0,0,0,0,0,0,0,0,0,0,0,0,0,0,0,0,0,0,0,0,0,0,0,0,0,0,0,0,0,0,0,0,0,0,0,0,0,0,0,0,0,0,0,0,0,0,0,0,0,0,0,0,0,0,0,0,0,0,0,0
0,0,0,0,0,0,0,0,0,0,0,0,0,0,0,0,0,0,0,0,0,0,0,0,0,0,0,0,0,0,0,0,0,0,0,0,0,0,0,0,0,0,0,0,0,0,0,0,0,0.5,0,0,0,0,0,0,0,0,0,0,0,0,0,0,0,0,0,0,0,0,0,0,0,0,0,0,0,0,0,0,0,0,0,0,0,0,0,0,0,0,0,0,0,0,0,0,0,0,0,0,0,0,0,0,0,0,0,0,0,0,0,0,0,0,0,0,0,0,0,0,0,0.5,0,0,0,0,0,0,0,0,0,0,0,0,0,0,0,0,0
0,0,0,0,0,0,0,0,0,0,0,0,0,0,0,0,0,0,0,0,0,0,0,0,0,0.22667,0,0,0,0,0,0,0,0,0,0,0.2,0,0,0,0.16,0,0,0.04,0.24,0,0,0,0,0,0,0,0,0,0,0,0,0,0,0,0,0,0,0,0,0,0,0,0,0,0,0,0,0,0,0,0,0,0,0,0,0,0,0,0,0,0,0,0,0,0,0,0,0,0,0,0,0,0,0,0,0,0,0,0,0,0,0,0,0,0,0,0,0,0,0,0,0,0,0,0,0,0,0,0,0.12,0,0,0,0,0,0,0,0,0,0,0,0.013333,0
0,0,0,0,0,0,0,0,0,0,0,0,0,0.083333,0.02381,0,0,0.041667,0,0,0,0,0,0,0,0.10119,0,0,0,0,0,0,0.095238,0,0,0.041667,0,0.047619,0,0,0.071429,0,0.011905,0.017857,0.10714,0,0.14881,0,0,0,0,0,0,0,0,0,0,0,0,0,0,0,0,0,0,0,0,0,0,0,0,0,0,0,0,0,0,0,0,0,0,0,0,0,0,0,0,0,0.089286,0,0,0,0,0,0.059524,0,0,0,0,0,0,0,0,0,0,0,0,0,0,0,0,0,0,0.059524,0,0,0,0,0,0,0,0,0,0,0,0,0,0,0,0,0,0,0,0,0,0,0,0,0
0,0,0,0,0,0,0,0.071429,0,0,0,0,0,0,0,0,0,0.1,0,0,0,0,0,0,0,0,0.057143,0,0,0,0,0,0,0,0,0,0.21429,0,0,0,0,0.071429,0,0,0.25714,0,0,0,0,0,0,0,0,0,0,0,0,0,0,0,0,0,0,0,0,0,0,0,0,0,0,0,0,0,0,0,0,0,0,0,0,0,0,0,0,0,0,0,0,0,0,0,0,0,0,0,0,0,0,0,0,0,0,0,0,0,0,0,0,0,0,0,0,0,0.057143,0,0,0,0,0,0,0.17143,0,0,0,0,0,0,0,0,0,0,0,0,0,0,0,0,0
0,0,0,0,0,0,0,0,0,0,0,0,0,0,0,0,0,0,0,0,0,0,0,0,0,0,0,0,0,0,0,0,0,0,0,0,0,0,0,0,0,0,0,0,0.4186,0,0.5814,0,0,0,0,0,0,0,0,0,0,0,0,0,0,0,0,0,0,0,0,0,0,0,0,0,0,0,0,0,0,0,0,0,0,0,0,0,0,0,0,0,0,0,0,0,0,0,0,0,0,0,0,0,0,0,0,0,0,0,0,0,0,0,0,0,0,0,0,0,0,0,0,0,0,0,0,0,0,0,0,0,0,0,0,0,0,0,0,0,0,0,0
0,0,0,0,0,0,0,0,0,0,0,0,0,0,0,0,0,0,0,0,0,0,0,0,0,0.40476,0,0,0,0,0,0,0,0,0,0,0,0,0,0,0,0,0,0,0,0,0.59524,0,0,0,0,0,0,0,0,0,0,0,0,0,0,0,0,0,0,0,0,0,0,0,0,0,0,0,0,0,0,0,0,0,0,0,0,0,0,0,0,0,0,0,0,0,0,0,0,0,0,0,0,0,0,0,0,0,0,0,0,0,0,0,0,0,0,0,0,0,0,0,0,0,0,0,0,0,0,0,0,0,0,0,0,0,0,0,0,0,0,0,0
0,0,0,0,0,0,0,0,0,0,0,0,0,0,0,0,0,0,0,0,0,0,0,0,0,0,0,0,0,0,0,0,0,0,0,0.045455,0.097403,0,0,0,0,0.032468,0,0,0.11688,0,0.16234,0.071429,0,0,0,0,0.051948,0,0,0,0,0,0,0,0,0,0,0,0,0.14935,0,0,0,0,0,0,0,0,0,0,0,0,0,0,0,0,0,0,0,0,0,0,0,0,0,0,0,0,0,0,0,0.051948,0,0,0,0,0,0,0.097403,0,0,0,0,0,0,0,0,0.064935,0,0,0,0,0,0,0,0,0,0,0,0.058442,0,0,0,0,0,0,0,0,0,0,0,0,0
0,0,0,0,0,0,0,0,0,0,0,0,0,0,0,0,0,0,0,0,0,0,0,0,0,0,0,0,0,0,0,0,0,0,0,0,0,0.13115,0,0,0.19672,0,0,0,0.29508,0,0,0,0,0,0,0,0,0,0,0,0,0,0,0,0,0,0,0,0,0,0,0,0,0,0,0,0,0,0,0,0,0.22951,0,0,0,0,0,0,0,0,0,0,0,0,0,0,0,0,0,0,0,0,0,0,0,0,0,0,0,0,0,0,0,0,0,0.14754,0,0,0,0,0,0,0,0,0,0,0,0,0,0,0,0,0,0,0,0,0,0,0,0,0,0,0
0,0,0,0,0,0,0,0,0,0,0,0,0,0,0,0,0,0,0,0,0,0,0,0,0,0,0,0,0,0,0,0,0,0,0,0,0.45455,0,0,0,0,0,0,0,0.54545,0,0,0,0,0,0,0,0,0,0,0,0,0,0,0,0,0,0,0,0,0,0,0,0,0,0,0,0,0,0,0,0,0,0,0,0,0,0,0,0,0,0,0,0,0,0,0,0,0,0,0,0,0,0,0,0,0,0,0,0,0,0,0,0,0,0,0,0,0,0,0,0,0,0,0,0,0,0,0,0,0,0,0,0,0,0,0,0,0,0,0,0,0,0
0,0,0,0,0,0,0,0,0,0,0,0,0,0,0,0,0,0,0,0,0,0,0,0,0,0,0,0,0,0,0,0,0,0,0,0.175,0.375,0,0,0,0,0,0,0,0.45,0,0,0,0,0,0,0,0,0,0,0,0,0,0,0,0,0,0,0,0,0,0,0,0,0,0,0,0,0,0,0,0,0,0,0,0,0,0,0,0,0,0,0,0,0,0,0,0,0,0,0,0,0,0,0,0,0,0,0,0,0,0,0,0,0,0,0,0,0,0,0,0,0,0,0,0,0,0,0,0,0,0,0,0,0,0,0,0,0,0,0,0,0,0
0,0,0,0,0,0,0,0,0,0,0,0,0,0,0,0,0,0.044872,0,0,0,0,0,0,0.025641,0,0.025641,0,0,0,0,0,0,0,0,0.044872,0.096154,0.051282,0.012821,0,0.076923,0.032051,0.012821,0.019231,0,0.019231,0.16026,0.070513,0,0,0,0,0,0,0,0,0,0,0.14744,0,0,0,0,0,0,0,0,0,0,0,0,0,0,0,0,0,0,0.089744,0,0,0,0,0,0,0,0,0,0,0,0,0,0,0,0,0,0,0,0,0,0,0,0,0,0,0,0,0,0,0,0,0,0,0,0,0.025641,0,0,0,0,0,0,0,0,0.044872,0,0,0,0,0,0,0,0,0,0,0,0,0,0,0
0,0,0,0,0,0,0,0,0,0,0,0,0,0,0,0,0,0,0,0,0,0,0,0,0,0,0,0,0,0,0,0,0,0,0,0,0,0,0,0,0,0,0,0,0.31579,0,0.4386,0,0,0,0,0,0,0,0,0,0,0,0,0,0,0,0,0,0,0,0,0,0,0,0,0,0,0,0,0,0,0.24561,0,0,0,0,0,0,0,0,0,0,0,0,0,0,0,0,0,0,0,0,0,0,0,0,0,0,0,0,0,0,0,0,0,0,0,0,0,0,0,0,0,0,0,0,0,0,0,0,0,0,0,0,0,0,0,0,0,0,0,0,0
0,0,0,0,0,0,0,0,0,0.062069,0,0,0,0.048276,0,0,0,0,0,0,0,0,0.065517,0.031034,0,0.058621,0,0,0,0,0,0,0.055172,0,0,0,0.051724,0,0.0068966,0.0068966,0.041379,0,0,0,0.062069,0.010345,0,0.037931,0.013793,0,0,0.010345,0.027586,0,0,0,0,0,0,0.1,0,0,0,0,0.055172,0,0,0,0,0,0,0,0,0,0,0,0,0,0,0.031034,0,0,0,0,0,0,0,0,0.051724,0,0,0,0,0,0,0,0,0,0.062069,0,0,0.048276,0,0,0,0,0,0,0,0,0,0,0,0,0.013793,0,0,0,0,0,0,0,0,0,0,0,0,0.034483,0,0,0,0,0,0.013793,0,0,0,0,0
0,0,0,0,0,0,0,0,0,0,0,0,0,0,0,0,0,0,0,0,0,0,0.093137,0,0,0.083333,0,0,0,0,0,0,0,0,0,0,0,0,0,0,0.058824,0,0,0,0.088235,0,0.12255,0,0,0,0,0,0,0.12255,0,0,0.078431,0,0.11275,0,0,0,0,0,0,0,0,0,0,0,0,0,0,0,0,0,0.083333,0,0,0,0,0,0,0,0,0,0,0,0,0,0,0,0,0,0,0,0,0,0,0,0,0,0,0,0,0,0,0,0,0,0,0,0,0,0,0,0,0,0,0,0.098039,0.058824,0,0,0,0,0,0,0,0,0,0,0,0,0,0,0,0,0
0,0,0,0,0,0,0,0,0,0,0,0.40541,0,0,0,0,0,0,0,0,0.13514,0,0,0.12162,0,0,0,0,0,0,0,0,0,0,0,0,0,0,0,0,0,0,0,0,0,0,0.33784,0,0,0,0,0,0,0,0,0,0,0,0,0,0,0,0,0,0,0,0,0,0,0,0,0,0,0,0,0,0,0,0,0,0,0,0,0,0,0,0,0,0,0,0,0,0,0,0,0,0,0,0,0,0,0,0,0,0,0,0,0,0,0,0,0,0,0,0,0,0,0,0,0,0,0,0,0,0,0,0,0,0,0,0,0,0,0,0,0,0,0,0
0,0,0,0,0,0,0,0,0,0,0.13187,0.16484,0,0,0,0,0,0,0,0,0,0,0,0,0,0,0,0,0,0,0,0,0,0,0.010989,0,0,0,0,0,0,0,0,0,0,0,0,0,0,0,0.076923,0,0,0.13736,0.076923,0,0.087912,0,0,0,0,0,0,0,0,0,0,0,0,0,0,0,0,0.032967,0,0,0,0,0,0,0,0,0,0,0,0,0,0,0,0,0,0,0,0,0,0,0,0,0,0,0.098901,0.076923,0,0,0,0,0,0.049451,0,0,0,0,0,0.054945,0,0,0,0,0,0,0,0,0,0,0,0,0,0,0,0,0,0,0,0,0,0,0,0,0
0,0,0,0,0,0.10638,0,0,0,0,0.12766,0,0,0,0,0,0,0,0,0,0,0,0,0,0,0,0,0,0,0,0,0,0.085106,0,0,0,0,0,0,0,0,0,0,0,0,0,0,0,0,0.06383,0,0.015957,0,0,0.074468,0,0,0,0,0.15426,0,0,0,0.095745,0,0,0,0,0,0,0,0,0,0,0.037234,0,0,0,0,0,0,0,0.026596,0,0,0,0,0,0,0,0,0,0,0,0,0,0,0,0,0.026596,0.095745,0,0,0,0,0,0,0,0,0,0,0,0,0.053191,0,0,0,0,0,0,0,0,0,0.037234,0,0,0,0,0,0,0,0,0,0,0,0,0,0,0
0,0,0,0,0,0,0,0,0,0,0,0,0,0,0,0,0,0,0,0,0,0,0,0,0,0,0,0,0,0,0,0,0,0,0,0,0,0,0,0,0,0,0,0,0,0,0.45455,0,0,0,0.25455,0,0,0,0,0,0,0,0,0,0,0,0,0,0,0,0,0,0,0,0,0,0,0,0,0.29091,0,0,0,0,0,0,0,0,0,0,0,0,0,0,0,0,0,0,0,0,0,0,0,0,0,0,0,0,0,0,0,0,0,0,0,0,0,0,0,0,0,0,0,0,0,0,0,0,0,0,0,0,0,0,0,0,0,0,0,0,0,0,0
0,0,0,0,0,0,0,0,0,0,0,0,0,0,0,0,0,0,0,0,0,0,0,0,0,0,0,0,0,0,0,0,0,0,0,0,0,0,0,0,0.085106,0,0,0,0,0,0.1773,0,0,0,0,0,0,0,0.099291,0,0.11348,0,0.16312,0,0,0,0,0,0,0,0,0,0,0,0,0,0,0,0,0,0,0,0,0,0,0,0,0,0,0,0,0,0,0,0,0,0,0,0,0,0,0,0.12766,0,0.12766,0,0,0,0.10638,0,0,0,0,0,0,0,0,0,0,0,0,0,0,0,0,0,0,0,0,0,0,0,0,0,0,0,0,0,0,0,0,0,0
0,0,0,0,0,0,0,0,0,0,0.066667,0.083333,0,0,0,0,0,0,0,0,0,0,0,0,0,0,0,0,0,0,0,0,0,0,0,0,0,0,0,0,0,0,0,0,0,0,0,0.030556,0,0.033333,0,0,0,0,0.038889,0.022222,0.044444,0,0.063889,0.080556,0.022222,0,0.055556,0,0,0.063889,0.052778,0,0,0,0,0.025,0,0.016667,0,0,0,0,0,0,0,0,0,0,0,0,0,0,0,0,0,0,0,0,0,0,0,0,0,0,0.05,0.038889,0,0.0083333,0.041667,0.019444,0.036111,0,0,0,0,0,0,0,0,0,0,0,0,0,0,0,0.016667,0.019444,0,0,0.052778,0,0,0,0.016667,0,0,0,0,0,0,0,0
0,0,0,0,0,0,0,0,0,0,0.10762,0.13453,0,0,0,0,0,0,0.044843,0,0,0,0.085202,0,0,0,0,0,0,0,0.053812,0,0.071749,0,0,0,0,0,0,0,0,0,0,0,0,0,0,0,0,0.053812,0.06278,0,0.035874,0.11211,0,0,0.071749,0.03139,0.10314,0,0,0,0,0,0,0,0,0,0,0,0,0,0,0,0,0,0,0,0,0,0,0,0,0,0,0,0,0,0,0,0,0,0,0,0,0,0,0,0,0,0,0,0,0,0,0.03139,0,0,0,0,0,0,0,0,0,0,0,0,0,0,0,0,0,0,0,0,0,0,0,0,0,0,0,0,0,0,0,0,0
0.050633,0,0,0,0,0,0,0,0,0,0.1519,0.18987,0,0,0,0,0,0,0,0,0,0,0,0,0,0,0,0,0,0,0,0,0,0,0,0,0,0,0,0,0,0,0,0,0,0,0,0,0,0,0,0,0,0.15823,0,0,0.10127,0,0.14557,0,0,0,0,0,0,0,0,0,0,0,0,0,0,0,0,0,0,0,0,0,0,0,0,0,0,0,0,0,0,0,0,0,0,0,0,0,0,0,0,0,0.11392,0.088608,0,0,0,0,0,0,0,0,0,0,0,0,0,0,0,0,0,0,0,0,0,0,0,0,0,0,0,0,0,0,0,0,0,0,0,0,0
0,0,0,0,0,0,0,0,0,0,0.098765,0.12346,0,0,0,0,0,0,0,0,0,0,0,0,0,0,0,0,0,0,0,0,0,0,0,0,0,0,0,0,0,0,0,0,0,0,0,0.045267,0,0.049383,0,0,0.032922,0.10288,0.057613,0.032922,0,0.028807,0.09465,0.11934,0,0,0,0,0,0,0,0,0,0,0,0,0,0,0,0,0,0,0,0,0,0,0,0,0,0,0,0,0,0,0,0,0,0,0,0,0,0.032922,0.074074,0.020576,0.074074,0,0,0,0,0,0,0,0,0,0.012346,0,0,0,0,0,0,0,0,0,0,0,0,0,0,0,0,0,0,0,0,0,0,0,0,0,0,0,0
0,0,0,0,0,0,0,0,0,0,0,0,0,0,0,0,0,0,0,0,0,0,0,0,0,0,0,0,0,0,0,0,0,0,0,0,0,0,0,0,0,0,0,0,0,0,0,0,0,0,0,0,0,0,0.10219,0,0.11679,0,0.16788,0.21168,0,0,0,0,0,0,0.13869,0,0,0,0,0,0,0,0,0,0,0,0,0,0,0,0,0,0,0,0,0,0,0,0,0,0,0,0,0,0,0,0.13139,0,0.13139,0,0,0,0,0,0,0,0,0,0,0,0,0,0,0,0,0,0,0,0,0,0,0,0,0,0,0,0,0,0,0,0,0,0,0,0,0,0
0,0,0,0,0,0,0,0,0,0,0,0,0,0,0,0,0,0,0,0,0,0,0,0,0,0,0,0,0,0,0,0,0,0.0034364,0,0,0,0,0,0,0,0,0,0,0.061856,0,0,0.037801,0,0,0,0,0.027491,0.085911,0.04811,0.027491,0.054983,0.024055,0,0.099656,0.027491,0,0.068729,0,0,0,0.065292,0,0,0,0,0,0,0.020619,0,0,0,0,0,0,0,0,0,0,0,0,0,0,0,0,0,0,0,0,0,0,0,0.027491,0.061856,0,0.061856,0.04811,0.024055,0,0,0,0,0.030928,0,0,0.010309,0,0,0,0,0,0,0,0,0,0,0,0,0,0.044674,0,0,0,0.037801,0,0,0,0,0,0,0,0,0,0
0,0,0,0,0,0,0,0,0,0.037975,0.050633,0.063291,0,0,0,0,0,0,0,0,0,0,0,0,0,0,0,0,0,0,0,0,0,0,0,0,0,0,0,0,0,0,0,0,0,0,0.052743,0,0,0,0.029536,0,0,0.052743,0,0,0.033755,0.014768,0.048523,0,0.016878,0.016878,0.042194,0.037975,0.033755,0.048523,0.040084,0.027426,0,0.025316,0,0.018987,0,0,0,0.033755,0.035865,0.029536,0,0,0,0,0,0.018987,0,0,0.027426,0,0,0,0,0,0,0,0,0,0,0,0.037975,0,0.037975,0,0,0,0,0,0,0,0,0,0,0,0,0,0,0,0,0,0,0,0.042194,0,0,0,0,0,0,0,0.023207,0,0,0.021097,0,0,0,0,0,0,0
0,0,0,0,0,0,0,0,0,0,0,0,0,0,0,0,0,0,0,0,0,0,0,0,0,0,0,0,0,0,0,0,0,0,0,0,0,0,0,0,0,0,0,0,0,0,0,0,0,0,0,0,0,0.15625,0,0,0,0,0.14375,0.18125,0,0,0.125,0.1125,0.1,0,0,0.08125,0,0,0,0,0,0,0,0.1,0,0,0,0,0,0,0,0,0,0,0,0,0,0,0,0,0,0,0,0,0,0,0,0,0,0,0,0,0,0,0,0,0,0,0,0,0,0,0,0,0,0,0,0,0,0,0,0,0,0,0,0,0,0,0,0,0,0,0,0,0,0,0
0,0,0,0,0,0,0,0,0,0,0,0,0,0,0,0,0,0,0,0,0,0,0.13571,0,0,0,0,0,0,0,0,0,0,0,0,0,0,0,0,0,0,0,0,0,0,0,0,0,0,0,0,0,0,0,0,0,0,0,0,0.20714,0,0,0.14286,0.12857,0,0.16429,0,0,0,0,0,0,0,0,0,0,0,0,0,0,0,0,0,0,0,0,0.092857,0,0,0,0.028571,0.1,0,0,0,0,0,0,0,0,0,0,0,0,0,0,0,0,0,0,0,0,0,0,0,0,0,0,0,0,0,0,0,0,0,0,0,0,0,0,0,0,0,0,0,0,0,0,0
0,0,0,0,0,0,0.053763,0,0,0,0,0,0,0,0,0,0,0,0,0,0,0,0,0,0,0,0,0,0,0,0,0,0,0,0,0,0,0,0,0,0,0,0,0,0,0,0,0,0,0,0,0,0,0.089606,0,0,0,0,0.082437,0.10394,0.028674,0.028674,0,0.064516,0.057348,0.082437,0.0681,0,0.017921,0.043011,0.017921,0.032258,0,0,0,0,0,0,0.017921,0,0,0,0,0,0,0,0.046595,0,0.053763,0,0,0,0,0,0,0,0,0,0,0,0,0,0,0,0,0,0,0,0,0,0,0,0,0,0,0,0,0,0,0,0,0,0,0.02509,0.046595,0,0,0,0.039427,0,0,0,0,0,0,0,0,0,0
0,0,0,0,0,0,0,0,0,0,0,0,0,0,0,0,0,0,0,0,0,0,0,0,0,0,0,0,0,0,0,0,0,0,0,0,0,0,0,0,0,0,0,0,0,0,0,0,0,0,0.054475,0,0,0,0,0,0,0,0,0.11284,0.031128,0.031128,0.077821,0,0.062257,0.089494,0.07393,0.050584,0,0.046693,0,0.035019,0,0,0,0,0,0,0,0,0,0,0,0.035019,0,0,0.050584,0,0,0,0,0,0,0,0,0,0,0.031128,0.070039,0,0.070039,0,0.027237,0,0,0,0,0,0,0,0,0,0,0,0,0,0,0,0,0,0,0,0,0,0.050584,0,0,0,0,0,0,0,0,0,0,0,0,0,0
0,0,0,0,0,0,0,0,0,0,0,0,0,0,0,0,0,0.030303,0,0,0,0,0,0,0,0,0,0.008658,0,0,0,0,0,0,0,0,0,0,0,0,0,0,0,0,0,0,0.10823,0,0,0,0,0,0,0,0,0,0,0,0,0.12554,0.034632,0,0.08658,0.077922,0,0.099567,0.082251,0.056277,0,0.051948,0.021645,0,0,0,0,0,0,0,0,0,0,0,0,0,0,0,0.056277,0,0,0,0,0,0,0,0,0,0,0,0,0,0,0,0,0,0,0,0,0,0,0,0,0,0.064935,0,0,0,0,0,0,0,0,0,0,0,0.056277,0,0,0,0,0,0,0,0,0,0,0,0.038961,0,0
0,0,0,0,0,0,0,0,0,0.057508,0,0,0,0.044728,0,0,0,0,0,0,0,0,0,0,0,0,0,0,0,0,0,0,0,0,0,0,0,0,0,0,0.038339,0,0,0,0,0,0,0,0,0,0,0,0,0.079872,0,0,0,0,0,0.092652,0,0.025559,0.063898,0.057508,0.051118,0,0.060703,0.041534,0.015974,0.038339,0,0.028754,0.01278,0.019169,0.022364,0,0,0,0.015974,0,0,0,0,0,0.060703,0,0.041534,0,0,0,0,0.044728,0,0,0,0,0,0,0,0,0,0,0,0,0,0.022364,0,0,0,0,0,0,0,0,0,0,0,0,0,0,0.063898,0,0,0,0,0,0,0,0,0,0,0,0,0,0,0,0,0,0
0,0,0,0,0,0,0,0,0,0,0,0,0,0,0,0,0,0,0,0,0,0,0,0,0,0,0,0,0,0,0.041237,0,0,0,0,0,0,0,0,0,0,0,0,0,0,0,0,0,0,0,0,0,0,0.085911,0,0,0,0.024055,0.079038,0.099656,0,0,0.068729,0.061856,0.054983,0.079038,0,0.044674,0.017182,0.041237,0,0.030928,0,0,0,0.054983,0,0,0,0,0,0,0,0,0,0,0.044674,0,0.051546,0,0,0,0,0,0,0,0,0,0,0,0,0,0,0,0,0,0,0,0,0,0,0.030928,0,0,0,0,0.044674,0,0,0,0,0,0,0,0.044674,0,0,0,0,0,0,0,0,0,0,0,0,0,0
0,0,0,0,0,0,0,0,0,0,0,0,0,0,0,0,0,0,0,0,0.052356,0,0,0,0,0,0,0,0,0,0,0,0,0,0,0,0,0,0,0,0,0,0,0,0,0,0,0,0,0,0,0,0,0,0,0,0,0,0,0.15183,0.041885,0,0,0.094241,0.08377,0.12042,0.099476,0,0.026178,0.062827,0,0.04712,0,0,0,0,0,0,0,0,0,0,0,0,0,0,0.068063,0,0,0,0,0,0,0,0,0,0,0,0,0,0.094241,0,0,0,0,0,0,0,0,0,0,0,0,0,0,0,0,0,0,0,0,0,0,0,0,0,0,0,0.057592,0,0,0,0,0,0,0,0,0,0
0.096386,0,0,0,0,0,0,0,0,0,0,0,0,0,0,0,0,0,0,0,0,0,0,0,0,0,0,0,0,0,0,0,0,0,0,0,0,0,0,0,0,0,0,0,0,0,0,0,0,0,0,0,0,0,0,0,0,0,0,0,0,0,0.24096,0,0,0.27711,0.22892,0.15663,0,0,0,0,0,0,0,0,0,0,0,0,0,0,0,0,0,0,0,0,0,0,0,0,0,0,0,0,0,0,0,0,0,0,0,0,0,0,0,0,0,0,0,0,0,0,0,0,0,0,0,0,0,0,0,0,0,0,0,0,0,0,0,0,0,0,0,0,0,0,0
0.039216,0,0,0,0,0,0,0,0,0,0,0,0,0,0,0,0,0,0,0,0,0,0.093137,0,0,0,0,0,0,0,0,0,0,0,0,0,0,0,0,0,0,0,0,0,0,0,0,0,0,0,0,0,0,0,0,0,0,0,0,0.14216,0,0,0.098039,0.088235,0.078431,0.11275,0.093137,0.063725,0,0,0,0,0,0,0,0,0,0,0,0,0,0,0,0,0,0,0,0.029412,0,0,0,0.068627,0,0,0,0,0,0,0,0,0,0,0,0,0,0,0,0,0,0,0,0,0,0,0,0,0,0,0,0,0,0,0,0,0,0,0.093137,0,0,0,0,0,0,0,0,0,0,0,0
0,0,0,0,0,0,0,0,0,0,0,0,0,0,0,0,0,0,0,0,0,0,0,0,0,0,0,0,0,0,0.14634,0,0,0,0,0,0,0,0,0,0,0,0,0,0,0,0,0,0,0,0,0,0,0,0,0,0,0,0,0,0,0,0.2439,0,0.19512,0,0,0,0,0,0,0,0,0,0,0,0,0,0,0,0,0,0,0,0.23171,0,0,0,0,0,0,0,0,0,0,0,0,0,0,0,0,0,0,0,0,0,0,0,0,0,0,0,0.18293,0,0,0,0,0,0,0,0,0,0,0,0,0,0,0,0,0,0,0,0,0,0,0,0,0,0
0,0,0,0,0,0,0,0,0,0,0,0,0,0,0,0,0,0,0,0,0,0,0,0,0,0,0,0,0,0,0,0,0,0,0,0,0,0,0,0,0,0,0,0,0,0,0,0,0,0,0,0,0,0.14045,0,0,0,0,0,0.16292,0,0,0.11236,0.10112,0,0.12921,0.10674,0.073034,0,0,0,0,0,0,0,0,0,0,0,0,0,0,0,0,0.10674,0,0,0,0,0,0,0,0,0,0,0,0,0,0,0,0,0,0,0,0,0,0,0,0,0,0,0,0,0,0,0,0,0,0,0.067416,0,0,0,0,0,0,0,0,0,0,0,0,0,0,0,0,0,0,0
0,0,0,0,0,0,0,0,0,0,0,0,0,0.21212,0,0,0,0,0,0,0,0,0,0,0,0,0,0,0,0,0,0,0,0,0,0,0,0,0,0,0,0,0,0,0,0,0,0,0,0,0,0,0,0,0,0,0,0,0,0,0,0,0,0,0,0.34848,0,0,0,0,0,0,0,0,0,0,0,0,0,0,0,0,0,0,0.28788,0,0,0,0,0,0,0,0,0,0,0,0,0,0,0,0,0,0,0,0,0,0,0,0,0,0,0,0,0,0,0,0,0,0,0,0,0,0,0,0,0,0,0,0,0,0,0.15152,0,0,0,0,0,0,0
0,0,0,0,0,0,0,0,0,0,0,0,0,0,0,0,0,0,0,0,0,0,0,0,0,0,0,0,0,0,0,0,0,0,0,0,0,0,0,0,0,0,0,0,0,0,0,0,0,0.10435,0,0,0,0.21739,0,0,0,0,0.2,0,0,0,0,0,0,0.2,0,0,0,0,0,0,0,0,0,0,0,0,0,0,0,0,0,0,0.16522,0,0.11304,0,0,0,0,0,0,0,0,0,0,0,0,0,0,0,0,0,0,0,0,0,0,0,0,0,0,0,0,0,0,0,0,0,0,0,0,0,0,0,0,0,0,0,0,0,0,0,0,0,0,0,0
0.069565,0,0,0,0,0.17391,0,0,0,0,0,0,0,0,0,0,0,0,0,0,0,0,0,0,0,0,0,0,0,0,0,0,0,0,0,0,0,0,0,0,0,0,0,0,0,0,0,0,0,0,0.12174,0,0,0,0,0,0,0,0,0,0,0,0,0,0,0.2,0,0,0,0,0,0,0,0,0,0.13913,0,0,0,0,0,0,0,0,0.16522,0,0,0,0,0,0,0,0,0,0,0,0,0,0,0,0,0,0,0,0,0,0,0,0,0,0,0,0.13043,0,0,0,0,0,0,0,0,0,0,0,0,0,0,0,0,0,0,0,0,0,0,0,0,0,0
0,0.017937,0,0,0,0.089686,0,0,0,0,0.10762,0.13453,0,0,0,0,0,0,0,0,0,0,0,0,0,0,0,0,0,0,0,0,0.071749,0,0,0,0,0,0,0,0,0,0,0,0,0,0,0,0,0,0,0.013453,0,0,0,0,0,0,0,0.13004,0.035874,0,0,0,0,0,0.085202,0,0,0,0,0,0,0,0.03139,0,0.076233,0,0,0.040359,0,0,0.022422,0.040359,0,0,0.058296,0,0,0,0,0,0,0,0.044843,0,0,0,0,0,0,0,0,0,0,0,0,0,0,0,0,0,0,0,0,0,0,0,0,0,0,0,0,0,0,0,0,0,0,0,0,0,0,0,0,0,0,0,0
0,0,0,0,0,0.084388,0,0,0.037975,0,0,0.12658,0,0,0,0,0,0,0,0,0,0,0.080169,0,0.016878,0,0,0,0,0,0,0,0,0,0,0,0,0,0,0,0,0,0,0,0,0,0,0.046414,0,0,0,0,0,0,0,0,0,0,0,0.12236,0,0,0,0,0,0,0,0,0,0,0,0,0,0,0,0.067511,0,0.059072,0.021097,0.037975,0.021097,0,0,0,0.080169,0,0,0,0,0,0,0,0,0,0,0,0,0,0,0,0,0,0,0,0,0,0,0,0,0,0,0,0,0,0,0,0,0.012658,0,0,0.084388,0,0,0,0.054852,0,0,0,0.046414,0,0,0,0,0,0,0,0,0,0
0,0,0,0,0,0,0,0,0.044554,0.089109,0,0.14851,0,0,0,0,0,0,0.049505,0,0,0,0,0,0,0,0,0,0,0,0,0,0.079208,0,0,0,0,0,0,0,0,0.024752,0,0,0.089109,0.014851,0,0,0,0,0,0,0,0,0,0,0,0,0,0.14356,0,0,0,0,0,0,0,0,0,0,0,0,0,0,0,0,0.084158,0,0,0,0,0,0,0.044554,0,0,0,0,0,0,0,0,0,0,0,0,0,0,0,0,0,0,0,0,0,0,0,0,0,0,0,0,0,0,0,0,0,0,0,0,0.09901,0,0,0.034653,0,0,0,0,0.054455,0,0,0,0,0,0,0,0,0,0
0,0,0,0,0,0,0,0,0,0.19355,0,0,0.16129,0,0,0,0,0,0,0,0,0,0,0,0,0,0,0,0,0,0,0,0,0,0,0,0,0,0,0,0,0,0,0,0,0,0,0,0,0,0,0,0,0,0,0,0,0,0,0,0,0,0.21505,0,0,0.24731,0,0,0,0,0,0,0,0,0,0,0.1828,0,0,0,0,0,0,0,0,0,0,0,0,0,0,0,0,0,0,0,0,0,0,0,0,0,0,0,0,0,0,0,0,0,0,0,0,0,0,0,0,0,0,0,0,0,0,0,0,0,0,0,0,0,0,0,0,0,0,0,0,0,0
0,0,0,0,0,0,0,0,0,0,0.16,0.2,0,0,0,0,0,0,0,0,0.066667,0,0,0,0,0,0,0,0,0,0,0,0,0,0,0,0,0,0,0,0,0,0,0,0,0,0.16667,0,0,0,0,0,0,0,0,0,0,0,0,0,0,0,0,0,0,0,0,0,0,0,0,0,0,0,0,0.10667,0.11333,0,0,0,0,0,0,0,0,0,0,0,0,0,0,0,0,0,0,0.086667,0,0,0,0,0,0,0,0,0,0,0,0,0,0,0,0,0,0,0,0,0,0,0.033333,0,0,0,0,0,0,0,0,0.066667,0,0,0,0,0,0,0,0,0,0,0
0,0,0,0,0,0,0,0,0,0.21176,0,0,0,0,0,0,0,0,0,0,0,0,0.22353,0,0,0,0,0,0,0,0.14118,0,0,0,0,0,0,0,0,0,0,0,0,0,0,0,0,0,0,0,0,0,0,0,0,0,0,0,0,0,0,0,0,0,0,0,0,0,0,0,0,0,0,0,0,0,0.2,0,0,0,0,0,0,0,0.22353,0,0,0,0,0,0,0,0,0,0,0,0,0,0,0,0,0,0,0,0,0,0,0,0,0,0,0,0,0,0,0,0,0,0,0,0,0,0,0,0,0,0,0,0,0,0,0,0,0,0,0,0,0,0
0,0,0,0,0,0,0,0,0,0,0,0,0,0,0,0,0,0,0,0,0,0,0,0,0,0,0,0,0,0,0,0,0,0,0,0,0,0,0,0,0,0,0,0,0,0,0,0,0,0,0,0,0,0,0,0,0,0,0,0,0,0,0,0,0,0,0,0,0,0,0,0,0,0,0,0,0,0,0,0,0,0,0,0,0,0,0,0,0,0,0,0,0,0,0,0,0,0,0,0,0,0,0,0,0,0,0,0,0,0,0,0,0,0,0,0,0,0,0,0,0,0,0,0,0,0,0,0,0,0,0,0,0,0,0,0,0,0,0
0,0,0,0,0,0,0,0,0,0,0,0,0.18987,0,0,0,0,0,0,0,0,0,0,0,0,0,0,0,0,0,0,0,0,0,0,0,0,0,0,0,0,0,0,0,0,0,0,0,0,0,0.17722,0,0,0,0,0,0,0,0,0,0,0,0,0,0,0,0,0,0,0,0,0,0,0,0,0.20253,0,0,0,0,0,0,0,0,0.24051,0,0,0,0,0,0,0,0,0,0,0,0,0,0,0,0,0,0,0,0.18987,0,0,0,0,0,0,0,0,0,0,0,0,0,0,0,0,0,0,0,0,0,0,0,0,0,0,0,0,0,0,0,0,0,0
0,0,0,0,0,0,0.090361,0,0,0.10843,0.14458,0,0,0,0,0,0,0,0,0,0,0,0,0,0,0,0,0,0,0,0,0,0,0,0,0,0,0,0,0,0,0,0,0,0,0,0,0,0,0,0,0,0,0,0,0,0,0,0,0.1747,0,0,0,0.10843,0,0,0,0,0,0,0,0,0,0,0,0.096386,0,0.084337,0,0,0,0,0,0,0.11446,0,0,0,0,0,0,0,0,0,0,0,0,0,0,0,0,0,0,0,0,0,0,0,0,0,0,0,0,0,0,0,0.078313,0,0,0,0,0,0,0,0,0,0,0,0,0,0,0,0,0,0,0,0,0,0
0.037559,0,0,0,0,0,0,0,0,0,0,0.14085,0,0,0,0,0,0,0.046948,0,0,0,0,0,0,0,0,0,0,0,0,0,0,0,0,0,0,0,0,0,0,0,0,0,0,0,0,0,0,0,0,0,0,0,0,0,0,0,0,0,0,0,0,0,0,0.10798,0,0,0,0,0.023474,0.042254,0.018779,0.028169,0.032864,0,0.079812,0,0,0,0.023474,0,0.023474,0.042254,0,0,0.061033,0.028169,0.070423,0,0,0.065728,0,0,0,0,0,0,0,0,0,0,0,0,0,0.032864,0,0,0,0,0,0,0,0,0,0,0,0,0,0,0.093897,0,0,0,0,0,0,0,0,0,0,0,0,0,0,0,0,0,0
0,0,0,0,0,0,0,0,0,0,0,0,0,0,0,0,0,0,0,0,0,0,0,0,0,0,0,0,0,0,0,0,0,0,0,0,0,0,0,0,0,0,0,0,0,0,0,0,0,0,0,0,0,0,0,0,0,0,0,0,0,0,0,0,0,0,0,0,0,0,0,0,0,0,0,0,0,0,0,0,0,0,0,0,0,0,0,0,0,0,0,0,0,0,0,0,0,0,0,0,0,0,0,0,0,0,0,0,0,0,0,0,0,0,0,0,0,0,0,0,0,0,0,0,0,0,0,0,0,0,0,0,0,0,0,0,0,0,0
0,0,0,0,0,0,0,0,0,0,0,0,0,0,0,0,0,0,0,0,0,0,0,0,0,0,0,0,0,0,0,0,0,0,0,0,0,0,0,0,0,0,0,0,0,0,0,0,0,0,0,0,0,0,0,0,0,0,0,0.14646,0,0.040404,0.10101,0.090909,0.080808,0.11616,0.09596,0.065657,0,0,0,0,0,0.030303,0,0.080808,0,0,0,0,0,0,0,0,0.09596,0,0,0.030303,0,0,0,0,0,0,0,0,0,0,0,0,0,0,0,0,0,0,0,0,0,0,0,0,0,0,0,0,0,0,0.025253,0,0,0,0,0,0,0,0,0,0,0,0,0,0,0,0,0,0,0,0
0,0,0,0,0,0,0,0,0,0,0,0,0,0,0,0,0,0,0,0,0,0,0,0,0,0,0,0,0,0,0,0,0,0,0,0,0,0,0,0,0,0,0,0,0,0,0,0,0,0,0,0,0,0,0,0,0,0,0,0,0,0,0,0,0,0,0,0,0,0.16438,0,0,0,0,0,0,0,0,0,0,0,0,0,0,0.26027,0,0.17808,0,0.20548,0,0,0,0,0,0,0.17808,0.013699,0,0,0,0,0,0,0,0,0,0,0,0,0,0,0,0,0,0,0,0,0,0,0,0,0,0,0,0,0,0,0,0,0,0,0,0,0,0,0,0,0,0
0.035242,0,0,0,0,0.088106,0,0,0,0,0,0,0,0.061674,0,0,0,0,0,0,0,0,0,0,0,0,0,0,0,0.061674,0,0,0,0,0,0,0.066079,0,0,0,0,0,0,0,0,0,0.11013,0,0,0,0,0,0,0,0,0,0,0,0,0,0,0,0.088106,0,0,0,0.0837,0,0,0,0,0,0,0,0,0,0,0,0,0,0,0,0,0,0.0837,0,0,0.026432,0,0,0,0.061674,0,0,0,0.057269,0,0,0,0,0,0,0,0,0.066079,0,0.057269,0,0,0,0,0,0,0,0,0,0,0,0,0,0,0.052863,0,0,0,0,0,0,0,0,0,0,0,0,0,0,0,0,0
0,0,0,0,0,0,0,0,0,0,0,0,0,0,0,0,0,0,0,0,0,0,0,0,0,0,0,0,0,0,0,0,0,0,0,0,0,0,0,0,0,0,0,0,0,0,0,0,0,0,0,0,0,0,0,0,0,0,0,0,0,0,0,0,0,0,0,0,0,0,0,0,0,0,0,0,0,0,0,0,0,0,0,0,0,0,0,0,0,0,0.22222,0.77778,0,0,0,0,0,0,0,0,0,0,0,0,0,0,0,0,0,0,0,0,0,0,0,0,0,0,0,0,0,0,0,0,0,0,0,0,0,0,0,0,0,0,0,0,0,0,0
0,0,0,0,0,0,0,0,0,0,0,0,0,0,0,0,0,0,0,0,0,0,0,0,0,0,0,0,0,0,0,0,0,0,0,0,0,0,0,0,0,0,0,0,0,0,0,0,0,0,0,0,0,0,0,0,0,0,0,0,0,0.23529,0,0,0,0,0,0,0,0,0,0,0,0,0,0,0,0,0,0,0,0,0,0,0,0,0,0,0,0.058824,0,0.41176,0,0,0.29412,0,0,0,0,0,0,0,0,0,0,0,0,0,0,0,0,0,0,0,0,0,0,0,0,0,0,0,0,0,0,0,0,0,0,0,0,0,0,0,0,0,0,0,0
0,0,0,0,0,0,0,0,0,0,0,0.18634,0,0,0,0,0,0,0,0,0,0,0,0,0,0,0,0,0,0,0,0,0,0,0,0,0,0,0,0,0,0,0,0,0,0,0,0,0,0,0,0,0,0,0,0,0,0,0,0,0,0.049689,0,0,0,0.14286,0,0,0,0.074534,0,0,0,0,0,0,0,0,0,0,0,0,0,0,0.11801,0,0,0,0.093168,0.012422,0.024845,0,0.012422,0,0.062112,0.080745,0,0,0,0,0,0,0.043478,0,0,0,0.080745,0,0,0,0.018634,0,0,0,0,0,0,0,0,0,0,0,0,0,0,0,0,0,0,0,0,0,0,0,0,0,0,0,0
0,0,0,0,0,0,0,0,0,0,0,0,0,0,0,0,0,0,0,0,0,0,0,0,0,0,0,0,0,0,0,0,0,0,0,0,0,0,0,0,0,0,0,0,0,0,0,0,0,0,0,0,0,0,0,0,0,0,0,0,0,0,0,0,0,0,0,0,0,0,0,0,0,0,0,0,0,0,0,0,0,0,0,0,0,0,0,0,0,0,0,0.41176,0,0,0,0,0,0,0,0,0,0,0,0,0,0,0,0,0,0,0,0,0,0,0,0,0,0,0,0,0.58824,0,0,0,0,0,0,0,0,0,0,0,0,0,0,0,0,0,0
0,0,0,0,0,0,0,0,0,0,0,0,0,0,0,0,0,0,0,0,0,0,0,0,0,0,0,0,0,0,0,0,0,0,0,0,0,0,0,0,0,0,0,0,0,0,0,0,0,0,0,0,0,0,0,0,0,0,0,0,0,0,0,0,0,0,0,0,0,0,0,0,0,0,0,0,0,0,0,0,0,0,0,0,0,0,0,0,0,0,0,0,0,0,0,0,0,0,0,0,0,0,0,0,0,0,0,0,0,0,0,0,0,0,0,0,0,0,0,0,0,0,0,0,0,0,0,0,0,0,0,0,0,0,0,0,0,0,0
0,0,0,0,0,0.12048,0,0,0,0,0,0.18072,0.090361,0,0,0,0,0,0,0,0,0,0.11446,0,0,0,0,0,0,0,0,0,0,0,0,0,0.090361,0,0,0,0,0,0,0,0,0,0,0,0,0,0,0,0,0,0,0,0,0,0,0,0,0,0,0,0,0,0,0,0,0,0,0,0,0,0,0.096386,0,0,0,0,0,0,0,0,0,0,0,0,0,0,0.024096,0.084337,0,0,0,0,0,0,0,0,0,0,0,0,0,0,0.078313,0,0,0,0,0,0,0,0,0,0,0,0,0,0.12048,0,0,0,0,0,0,0,0,0,0,0,0,0,0,0,0,0,0
0.051282,0,0,0,0,0,0,0,0.057692,0,0.15385,0,0,0,0,0,0,0,0,0,0,0.044872,0.12179,0,0,0,0,0,0,0,0,0,0,0,0,0,0,0,0,0,0,0,0,0,0,0,0,0,0,0,0,0,0,0,0,0,0,0,0,0,0,0,0,0,0,0,0,0,0,0,0,0,0,0,0,0,0,0,0,0.057692,0,0,0,0,0,0,0,0.038462,0.096154,0,0,0.089744,0,0,0,0,0,0,0,0,0,0,0,0,0,0,0,0,0,0,0,0,0.096154,0,0,0,0,0,0,0,0,0,0.038462,0,0.083333,0,0,0,0.070513,0,0,0,0,0,0,0,0,0,0
0,0,0,0,0,0,0,0,0,0,0,0,0,0,0,0,0,0,0,0,0,0,0,0,0,0,0,0,0,0,0,0,0,0,0,0,0,0,0,0,0,0,0,0,0,0,0,0,0,0,0,0,0,0,0,0,0,0,0,0,0,0,0,0,0,0,0,0,0,0,0,0,0,0,0,0,0,0,0,0,0,0,0,0,0,0,0,1,0,0,0,0,0,0,0,0,0,0,0,0,0,0,0,0,0,0,0,0,0,0,0,0,0,0,0,0,0,0,0,0,0,0,0,0,0,0,0,0,0,0,0,0,0,0,0,0,0,0,0
0,0,0,0,0,0,0,0,0,0,0,0,0,0,0,0,0,0,0,0,0,0,0,0,0,0,0,0,0,0,0,0,0,0,0,0,0,0,0,0,0.090909,0,0,0,0,0,0,0,0,0,0,0,0,0,0,0,0.12121,0,0.17424,0,0,0,0,0.13636,0,0,0,0,0,0,0,0,0,0,0,0,0,0,0,0,0,0,0,0,0,0,0,0,0,0,0,0,0,0,0,0,0,0,0.13636,0,0.13636,0.10606,0,0,0,0,0.098485,0,0,0,0,0,0,0,0,0,0,0,0,0,0,0,0,0,0,0,0,0,0,0,0,0,0,0,0,0,0,0,0
0,0,0,0,0.035294,0,0,0,0,0,0,0,0.058824,0,0,0,0,0,0,0,0,0,0,0,0,0,0,0,0,0,0,0,0,0,0,0,0,0,0,0,0,0,0,0,0,0,0.098039,0,0,0,0,0,0.031373,0,0,0,0.062745,0.027451,0.090196,0.11373,0,0,0,0.070588,0,0,0,0,0,0,0,0,0,0,0,0,0,0,0,0,0,0,0,0,0,0,0,0,0,0,0,0,0,0,0,0,0,0.031373,0,0,0.070588,0.054902,0,0,0.058824,0,0,0.035294,0,0,0,0,0,0.039216,0,0,0,0,0,0,0.078431,0,0.023529,0,0,0,0,0,0,0,0,0,0,0,0,0.019608,0,0,0
0,0,0,0,0,0,0,0,0,0,0,0,0,0,0,0,0,0,0,0,0,0,0,0,0,0,0,0,0,0,0,0,0,0,0,0,0,0,0,0,0,0,0,0,0,0,0,0,0,0,0.19718,0,0,0,0,0,0.22535,0,0,0,0,0,0,0,0,0,0,0,0,0,0,0,0,0,0,0,0,0,0,0,0,0,0,0,0,0,0,0,0,0,0,0,0,0,0,0,0,0,0,0,0.25352,0.19718,0,0,0,0,0,0,0,0,0,0,0,0,0,0,0,0,0,0,0,0,0,0,0,0,0,0,0,0,0,0,0,0,0,0,0.12676,0,0
0,0,0,0,0,0,0,0,0,0,0,0,0,0,0,0,0,0,0,0,0,0,0,0,0,0,0,0,0,0,0,0,0,0,0,0,0,0,0,0,0,0,0,0,0,0,0,0,0,0.047431,0.055336,0,0.031621,0.098814,0,0.031621,0.063241,0.027668,0.090909,0.11462,0,0,0,0.071146,0,0,0,0.051383,0,0,0,0,0,0,0,0,0,0,0,0,0,0,0,0,0,0,0,0,0,0,0,0,0,0,0,0,0,0.031621,0.071146,0.019763,0,0.055336,0,0,0.059289,0,0.051383,0,0,0,0,0,0,0,0,0,0,0,0,0,0,0,0,0.027668,0,0,0,0,0,0,0,0,0,0,0,0,0,0,0
0,0,0,0,0,0,0,0,0,0,0.11009,0,0,0,0,0,0,0,0,0,0,0,0.087156,0,0,0,0,0,0,0,0,0,0,0,0,0,0,0,0,0,0,0,0,0,0,0,0.11468,0,0,0.055046,0,0,0,0.11468,0,0.036697,0,0,0.1055,0,0,0,0,0,0,0,0,0,0,0,0,0,0,0,0,0,0,0,0,0,0,0,0,0,0,0,0,0,0,0,0,0,0,0,0,0,0,0.036697,0.082569,0.022936,0.082569,0,0,0,0.068807,0,0,0.041284,0,0,0,0,0,0,0,0,0,0,0,0,0,0,0,0,0,0.041284,0,0,0,0,0,0,0,0,0,0,0,0,0
0,0,0,0,0,0.14706,0,0,0,0,0,0.22059,0,0.10294,0,0,0,0,0,0,0,0,0,0,0,0.125,0,0,0,0,0,0,0,0,0,0,0,0,0,0,0,0,0,0,0,0,0,0,0,0,0,0,0,0,0,0,0,0,0.16912,0,0,0,0,0.13235,0,0,0,0,0,0,0,0,0,0,0,0,0,0,0,0,0,0,0,0,0,0,0,0,0,0,0,0.10294,0,0,0,0,0,0,0,0,0,0,0,0,0,0,0,0,0,0,0,0,0,0,0,0,0,0,0,0,0,0,0,0,0,0,0,0,0,0,0,0,0,0,0,0,0,0,0
0,0,0,0,0,0.34483,0,0,0,0,0,0,0,0,0,0,0,0,0,0,0,0,0,0,0,0,0,0,0,0,0,0,0,0,0,0,0,0,0,0,0,0,0,0,0,0,0,0,0,0,0,0,0,0.43103,0,0,0,0,0,0,0,0,0,0,0,0,0,0,0,0,0,0,0,0,0,0,0,0,0,0,0,0,0,0,0,0,0,0,0,0,0,0,0,0,0,0,0,0,0,0,0,0,0,0,0,0,0.22414,0,0,0,0,0,0,0,0,0,0,0,0,0,0,0,0,0,0,0,0,0,0,0,0,0,0,0,0,0,0,0,0
0,0,0,0,0,0,0.080645,0,0,0,0,0,0,0,0,0,0,0,0,0,0,0,0,0,0,0,0,0,0,0,0,0,0,0,0,0,0,0,0,0,0.064516,0,0,0,0,0,0,0,0,0,0,0,0.043011,0.13441,0,0,0,0,0,0,0,0,0,0,0,0,0,0,0,0,0,0,0,0,0,0,0,0,0,0,0,0,0.026882,0,0,0,0,0,0.080645,0,0,0,0,0,0,0,0,0,0.096774,0,0.096774,0.075269,0,0,0,0.037634,0.069892,0.048387,0,0,0,0,0.080645,0,0,0,0,0,0,0,0,0,0,0,0,0,0,0,0,0.032258,0.032258,0,0,0,0,0,0,0,0
0,0,0,0,0,0,0,0,0,0,0,0,0,0,0,0,0,0,0,0,0,0,0,0,0,0,0,0,0,0,0,0,0,0,0,0,0,0,0,0,0,0,0,0,0,0,0,0,0,0,0,0,0,0.1938,0.10853,0,0,0,0,0,0,0,0,0,0,0.17829,0,0,0,0,0,0,0,0,0,0,0,0,0,0,0,0,0,0,0.14729,0,0,0,0,0,0,0,0,0,0,0,0,0,0,0,0,0,0,0,0.11628,0,0.10078,0,0,0,0,0,0,0,0,0,0,0,0,0,0.15504,0,0,0,0,0,0,0,0,0,0,0,0,0,0,0,0,0,0
0,0,0,0,0,0.11111,0,0,0,0,0.13333,0,0,0,0,0,0,0,0,0,0,0,0,0,0,0,0,0,0,0,0,0,0,0,0,0,0,0,0,0,0,0,0,0,0,0,0,0,0,0,0,0,0,0.13889,0,0,0,0,0,0,0,0,0,0,0,0,0,0,0,0,0,0,0,0,0,0,0,0,0,0,0,0,0,0,0,0,0,0,0.083333,0,0,0.077778,0,0,0.055556,0,0,0.044444,0,0,0.1,0,0,0.016667,0.083333,0.038889,0,0.05,0,0,0,0,0,0,0,0,0,0,0,0.066667,0,0,0,0,0,0,0,0,0,0,0,0,0,0,0,0,0,0,0
0,0,0,0,0,0,0,0,0,0,0.16552,0,0,0.096552,0,0,0,0,0,0,0,0,0,0,0,0,0,0,0,0,0,0,0,0,0,0,0,0,0,0,0,0,0,0,0,0,0,0,0,0.082759,0,0,0,0,0,0,0,0,0.15862,0,0,0,0,0,0,0,0,0,0,0,0,0,0,0,0,0,0,0,0,0,0,0,0,0,0,0,0,0,0,0,0,0,0,0,0,0,0,0,0.12414,0,0,0.096552,0,0,0.10345,0,0.089655,0,0,0,0,0,0,0,0,0,0,0,0,0.082759,0,0,0,0,0,0,0,0,0,0,0,0,0,0,0,0,0,0,0
0,0,0,0,0,0,0,0,0,0,0,0,0,0,0,0,0,0,0,0,0,0,0,0,0,0,0,0,0,0,0,0,0,0,0,0,0,0,0,0,0,0,0,0,0,0,0,0,0,0,0,0,0,0,0,0,0,0,0,0,0,0,0,0,0,0,0,0,0,0,0,0,0,0,0,0,0,0,0,0,0,0,0,0,0,0,0,0,0,0,0,0,0,0,0,0,0,0,0,0,0,0,0,0,0,0,0,0,0,0,0,0,0,0,0,0,0,0,0,0,0,0,0,0,0,0,0,0,0,0,0,0,0,0,0,0,0,0,0
0,0,0,0,0,0,0,0,0,0,0,0,0,0,0,0,0,0,0,0,0,0,0,0,0,0,0,0,0,0,0,0,0,0,0,0,0,0,0,0,0,0,0,0,0,0,0,0,0,0,0,0,0,0,0,0,0,0,0,0,0,0,0,0,0,0,0,0,0,0,0,0,0,0,0,0,0,0,0,0,0,0,0,0,0,0,0,0,0,0,0,0,0,0,0,0,0,0,0,0,0,0,0,0,0,0,0,0,0,0,0,0,0,0,0,0,0,0,0,0,0,0,0,0,0,0,0,0,0,0,0,0,0,0,0,0,0,0,0
0,0,0,0,0,0,0,0,0,0,0,0,0,0,0,0,0,0,0,0,0,0,0,0,0,0,0,0,0,0,0,0,0,0,0,0,0,0,0,0,0,0,0,0,0,0,0,0,0,0,0,0,0,0,0,0,0.30189,0,0.43396,0,0,0,0,0,0,0,0,0,0,0,0,0,0,0,0,0,0,0,0,0,0,0,0,0,0,0,0,0,0,0,0,0.26415,0,0,0,0,0,0,0,0,0,0,0,0,0,0,0,0,0,0,0,0,0,0,0,0,0,0,0,0,0,0,0,0,0,0,0,0,0,0,0,0,0,0,0,0,0,0,0
0,0,0,0,0,0,0.14151,0,0,0,0,0,0,0,0,0,0,0,0,0,0,0,0.17925,0,0,0,0,0,0,0,0,0,0,0,0,0,0,0,0,0,0,0.04717,0,0,0,0,0,0,0,0,0,0,0,0,0,0,0,0,0,0,0,0,0,0,0,0,0.17925,0,0,0,0,0,0,0,0,0,0,0,0,0,0,0,0,0,0,0,0,0,0,0,0,0,0,0,0,0,0,0,0,0,0,0,0,0,0,0,0,0,0,0,0,0,0.14151,0,0,0.028302,0,0,0.04717,0.11321,0,0,0,0,0.12264,0,0,0,0,0,0,0,0,0,0,0,0,0,0
0,0,0,0,0,0,0,0,0,0,0,0.19868,0,0,0,0.046358,0,0,0,0,0,0.046358,0,0,0,0,0,0.013245,0,0,0,0,0,0,0,0,0,0,0,0,0,0,0,0,0,0,0,0,0,0,0,0,0,0,0,0,0,0,0,0,0,0,0,0,0.10596,0,0,0,0,0,0.033113,0,0,0,0.046358,0,0,0,0,0,0,0,0,0,0,0,0,0,0,0,0,0,0,0,0,0.086093,0,0,0,0,0,0,0,0,0.099338,0,0,0,0,0,0,0.059603,0,0,0.02649,0,0.086093,0,0.033113,0,0,0,0,0,0.086093,0,0,0,0,0,0,0,0,0,0,0.033113,0,0,0
0,0,0,0,0,0,0.095541,0,0,0,0.15287,0,0,0,0,0,0,0,0,0,0.063694,0,0,0,0,0.10828,0,0,0,0,0,0,0,0,0,0,0.095541,0,0,0,0.076433,0,0,0,0,0,0,0,0,0.076433,0.089172,0,0,0,0,0,0,0,0,0,0,0,0,0,0,0,0,0,0,0,0,0,0,0,0,0,0,0,0,0,0,0,0,0,0,0,0,0,0,0,0,0,0,0,0,0,0,0,0.11465,0,0,0,0,0,0,0,0,0,0,0,0,0,0,0,0,0,0,0,0,0,0.12739,0,0,0,0,0,0,0,0,0,0,0,0,0,0,0,0,0,0
0,0,0,0,0,0,0,0,0,0,0,0,0,0,0,0,0,0,0,0,0,0,0,0,0,0,0,0,0,0,0,0,0,0,0,0,0,0.12121,0,0,0,0,0,0,0.27273,0,0.37879,0,0,0,0,0,0,0,0,0,0,0,0,0,0,0,0,0,0,0,0,0,0,0,0,0,0,0,0,0,0,0,0,0,0,0,0,0,0,0,0,0,0,0,0,0,0,0,0,0,0,0,0,0,0,0,0,0,0,0,0,0,0,0,0,0,0.22727,0,0,0,0,0,0,0,0,0,0,0,0,0,0,0,0,0,0,0,0,0,0,0,0,0,0
0,0,0,0,0,0,0,0,0,0,0,0,0,0.38889,0,0,0,0,0,0,0,0,0,0,0,0,0,0,0,0,0,0,0,0,0,0,0,0,0,0,0,0,0,0,0,0,0,0,0,0,0,0,0,0,0,0,0,0,0,0,0,0,0,0,0,0,0,0,0,0,0,0,0,0,0,0,0,0,0,0,0,0,0,0,0,0,0,0,0,0,0,0,0,0,0,0,0,0,0,0,0,0,0,0,0,0,0,0,0,0,0,0.25,0,0,0,0,0.36111,0,0,0,0,0,0,0,0,0,0,0,0,0,0,0,0,0,0,0,0,0,0
0,0,0,0,0.058824,0.13072,0.098039,0,0,0,0,0,0,0,0,0,0,0,0,0,0,0,0.12418,0,0,0,0,0,0.019608,0.091503,0.078431,0,0,0,0,0,0,0,0,0,0,0,0,0,0,0,0,0,0,0,0,0,0,0,0,0,0,0,0,0,0,0,0,0,0,0,0.12418,0,0,0,0,0,0,0,0,0,0,0,0,0,0,0,0,0.058824,0,0,0,0,0,0,0,0,0,0,0,0,0,0,0,0,0,0,0,0,0,0,0,0,0,0,0,0,0.098039,0,0,0.019608,0,0.019608,0,0.078431,0,0,0,0,0,0,0,0,0,0,0,0,0,0,0,0,0,0,0
0,0,0,0,0,0,0,0,0,0,0,0,0,0,0,0,0,0,0,0,0,0,0,0,0,0,0,0,0,0,0,0,0,0,0,0,0,0,0,0,0,0,0,0,0,0,0,0,0,0,0,0,0,0,0,0,0,0,0,0,0,0,0,0,0,0,0,0,0,0,0,0,0,0,0,0,0.40476,0,0,0,0,0,0,0,0,0,0,0,0,0,0,0,0,0,0,0,0,0,0,0,0,0,0,0,0,0,0,0,0,0,0,0,0,0,0,0,0.30952,0,0,0.28571,0,0,0,0,0,0,0,0,0,0,0,0,0,0,0,0,0,0,0
0,0,0,0,0,0,0,0,0,0,0,0,0,0,0,0,0,0,0,0,0,0,0,0,0,0,0,0,0,0,0,0,0,0,0,0,0,0,0,0,0,0,0,0,0,0,0,0,0,0,0,0,0,0,0,0,0,0,0,0,0,0,0,0,0,0,0,0,0,0,0,0,0,0,0,0,0,0,0,0.15517,0,0,0,0,0,0,0.22414,0,0,0,0,0,0,0,0,0,0,0,0,0,0,0,0,0,0,0,0,0,0,0,0,0.15517,0.25862,0,0,0,0,0,0,0.2069,0,0,0,0,0,0,0,0,0,0,0,0,0,0,0,0,0,0,0
0,0,0,0,0.066667,0,0,0,0.066667,0,0,0.22222,0,0,0,0,0,0,0,0,0,0,0,0,0,0,0,0,0,0.1037,0.088889,0,0,0,0,0,0,0,0,0,0,0,0,0,0,0,0,0,0,0,0,0,0,0,0,0,0,0,0,0,0,0,0,0,0,0,0,0,0,0,0,0.066667,0,0,0,0,0,0,0,0,0,0,0,0,0,0,0,0,0,0,0,0,0,0,0,0,0,0,0,0,0,0,0,0,0,0,0.096296,0.066667,0,0,0,0.066667,0,0,0,0,0.096296,0.022222,0.037037,0,0,0,0,0,0,0,0,0,0,0,0,0,0,0,0,0,0,0,0
0,0,0,0,0,0,0,0,0,0.061224,0,0.10204,0,0,0,0,0,0,0,0,0,0,0,0,0,0.057823,0,0,0,0.047619,0,0,0.054422,0,0,0,0,0,0,0,0,0,0,0,0,0,0,0.037415,0,0,0,0,0,0,0,0,0,0,0,0.098639,0,0,0,0,0,0.078231,0,0,0,0,0,0,0,0,0,0,0.057823,0.047619,0,0,0,0,0,0,0.064626,0,0,0,0,0,0,0,0.0068027,0,0.034014,0,0,0,0.061224,0,0,0,0,0,0,0.02381,0,0,0,0,0,0,0,0.034014,0,0,0,0,0,0,0,0.040816,0,0,0,0,0,0,0.037415,0.020408,0,0.034014,0,0,0,0,0,0,0
0,0,0,0,0,0.15152,0,0,0,0,0,0,0.11364,0,0,0,0,0.05303,0,0,0,0,0,0,0,0,0,0,0,0,0,0,0,0,0.015152,0,0,0.060606,0,0,0,0,0,0,0,0,0,0.083333,0,0,0,0,0,0,0,0,0,0,0,0,0,0,0,0,0,0,0,0,0,0,0,0,0,0,0,0,0,0,0,0,0,0,0,0,0,0,0,0,0.11364,0,0,0,0,0,0,0,0,0,0,0,0,0,0,0,0,0,0,0,0,0,0,0,0,0,0,0,0,0,0,0,0.15152,0,0,0,0.098485,0,0,0,0,0.045455,0.045455,0,0,0,0,0,0.068182,0,0
0,0,0,0,0,0,0,0,0,0,0,0,0,0,0,0,0,0,0,0,0,0,0,0,0,0,0,0,0,0.14286,0,0,0,0,0,0,0,0,0,0,0,0,0,0,0,0,0,0,0,0,0,0,0,0.2551,0,0,0,0,0,0,0,0,0,0,0,0,0,0,0,0,0,0,0,0,0,0,0,0,0,0,0,0,0,0,0,0,0,0,0,0,0,0,0,0,0,0.13265,0,0,0.18367,0,0,0,0,0,0,0,0,0,0,0,0,0,0,0,0,0,0,0,0,0,0,0,0,0,0,0.091837,0.19388,0,0,0,0,0,0,0,0,0,0,0,0
0,0,0,0,0,0,0,0,0,0,0,0,0,0,0,0,0,0,0,0,0,0,0,0,0,0,0,0,0,0,0,0,0,0,0,0,0,0,0,0,0,0,0,0,0.15254,0,0,0,0,0,0.11864,0,0,0.21186,0,0,0,0,0,0,0,0,0.16949,0,0,0,0,0,0,0,0,0,0,0,0,0,0,0.11864,0,0,0,0,0,0,0,0,0,0,0,0,0,0,0,0,0,0,0,0,0,0,0.15254,0,0,0,0,0,0,0,0,0,0,0,0,0,0,0,0,0,0,0,0,0,0,0,0,0.076271,0,0,0,0,0,0,0,0,0,0,0,0,0
0,0,0,0,0,0,0,0,0,0,0,0,0,0,0,0,0,0,0,0,0,0,0,0,0,0,0,0,0,0,0,0,0,0,0,0,0,0,0,0,0,0,0,0,0,0,0,0,0,0,0,0,0,0,0,0,0,0,0.12105,0,0,0,0.10526,0.094737,0.084211,0,0.1,0,0,0,0,0,0,0,0,0,0.089474,0,0,0,0,0,0,0,0,0,0,0,0,0,0,0,0,0,0,0.068421,0,0,0,0,0,0,0,0,0,0,0,0,0,0,0,0.047368,0.078947,0,0,0,0,0,0,0,0,0.063158,0,0,0,0.047368,0,0.052632,0,0,0,0,0,0,0,0,0.047368,0,0
0,0,0,0,0,0,0,0,0,0,0,0,0,0,0,0,0,0,0,0,0,0,0,0,0,0.16832,0,0,0,0,0,0,0,0,0,0.069307,0,0,0,0,0.11881,0,0,0,0,0,0,0,0,0,0,0,0,0,0,0,0,0,0,0,0,0,0,0,0,0,0,0,0,0,0,0,0,0,0,0,0,0,0,0,0,0,0,0,0,0,0,0,0,0,0,0,0,0,0,0,0,0,0,0,0,0.13861,0,0,0,0,0,0,0,0,0,0,0,0,0,0,0,0,0,0,0,0,0.059406,0.069307,0.12871,0,0.18812,0,0,0,0.059406,0,0,0,0,0,0,0,0
0,0,0,0,0,0.10363,0,0,0,0,0,0,0.07772,0,0,0.036269,0,0,0.051813,0,0,0.036269,0,0.046632,0,0,0.020725,0,0.015544,0,0.062176,0.020725,0.082902,0,0,0,0,0,0,0,0,0,0,0,0,0,0,0,0,0,0,0,0,0.12953,0,0,0,0,0,0,0,0,0,0,0,0,0,0,0,0.062176,0,0,0,0,0,0,0,0,0,0,0,0,0,0,0,0,0,0,0,0,0,0,0,0,0,0,0,0,0,0,0,0,0,0,0,0,0,0,0,0,0,0,0,0,0,0,0,0,0,0,0,0,0.031088,0,0,0.046632,0,0.051813,0.056995,0,0,0,0,0.020725,0,0,0.046632,0,0
0,0,0,0,0,0,0,0,0,0,0,0.20833,0,0,0,0,0,0.048611,0,0,0,0,0,0,0,0,0,0,0,0,0,0,0.11111,0,0,0,0,0,0,0,0,0,0,0,0,0,0.17361,0,0,0,0,0,0,0,0,0,0,0,0,0,0,0,0,0,0,0,0,0,0,0,0,0,0,0,0,0,0,0,0,0.0625,0,0,0,0,0,0,0,0,0,0,0,0,0,0,0,0,0,0,0,0,0,0,0,0,0,0,0,0,0,0,0,0,0,0,0,0,0,0,0,0,0,0,0,0,0.090278,0,0.13194,0,0.076389,0,0,0,0,0,0,0.034722,0.0625,0,0
0,0,0,0,0,0,0,0,0,0.091837,0,0,0,0,0,0,0,0,0,0,0,0,0,0,0,0,0,0,0,0,0,0,0,0,0,0,0,0,0,0,0,0,0,0,0,0,0,0,0,0,0,0,0,0,0,0,0,0,0.11735,0.14796,0,0,0.10204,0,0,0,0,0.066327,0,0,0,0,0,0,0,0,0.086735,0.071429,0,0,0,0,0,0,0,0,0,0,0,0,0,0,0,0,0,0.066327,0,0,0,0,0,0,0,0,0,0,0,0,0,0,0,0,0,0,0,0,0,0,0,0,0.10204,0,0,0,0,0,0.096939,0.05102,0,0,0,0,0,0,0,0,0,0,0
0,0,0,0,0,0,0.14706,0,0,0,0,0.29412,0,0,0,0,0,0,0,0,0,0,0,0,0,0,0,0,0,0,0,0,0,0,0,0,0,0,0,0,0,0,0,0,0,0,0,0,0,0,0,0,0,0,0,0,0,0,0,0,0,0,0,0,0,0,0,0,0,0,0,0,0,0,0,0,0,0,0,0,0,0,0,0,0,0,0,0,0,0,0,0,0,0,0,0,0,0,0,0,0,0,0,0,0.14706,0,0,0,0,0,0,0,0,0,0,0,0,0,0,0,0.19608,0.11765,0,0,0,0,0,0,0,0,0,0.098039,0,0,0,0,0,0,0
0,0,0,0,0,0,0,0,0,0.20225,0,0,0,0,0,0,0,0,0,0,0,0,0,0,0,0,0,0,0,0,0,0,0,0,0,0,0,0,0,0,0,0,0,0,0,0,0,0,0,0,0,0,0,0.2809,0,0,0,0,0,0,0,0,0,0,0,0,0,0,0,0,0,0,0,0,0,0,0,0,0,0,0,0,0,0,0,0,0,0,0,0,0,0,0,0,0,0,0,0,0,0,0,0,0,0,0.16854,0,0,0,0,0,0,0,0,0,0,0,0,0,0,0,0,0.13483,0,0,0,0.10112,0,0,0,0,0,0.11236,0,0,0,0,0,0,0
0,0,0,0,0,0,0,0,0,0,0.22642,0,0,0,0,0,0,0,0,0,0,0,0,0,0,0,0,0,0,0,0,0,0,0,0,0,0,0,0,0,0,0,0,0,0,0,0,0,0,0,0,0,0,0,0,0,0,0,0,0.27358,0,0,0,0,0,0,0,0,0,0,0,0,0.037736,0,0,0,0,0,0,0,0,0,0,0,0,0,0,0,0,0,0,0,0,0,0,0,0,0,0,0,0,0,0,0,0,0,0,0,0,0,0,0,0,0,0,0,0,0,0,0,0.18868,0,0,0,0,0,0,0,0,0.056604,0.056604,0,0.018868,0.037736,0.018868,0,0.084906,0,0
0,0,0,0,0,0,0,0,0,0,0,0,0,0,0,0,0,0,0,0,0,0,0,0,0,0.62963,0,0,0,0,0,0,0,0,0,0,0,0,0,0,0,0,0,0,0,0,0,0,0,0,0,0,0,0,0,0,0,0,0,0,0,0,0,0,0,0,0,0,0,0,0,0,0,0,0,0,0,0,0,0,0,0,0,0,0,0,0,0,0,0,0,0,0,0,0,0,0,0,0,0,0,0,0,0,0,0,0,0,0,0,0,0,0,0,0,0,0,0,0,0,0,0,0,0,0,0,0,0,0,0,0,0.37037,0,0,0,0,0,0,0
0,0,0,0,0,0,0,0,0,0,0,0,0,0,0,0,0,0,0,0,0,0,0,0,0,0,0,0,0,0,0,0,0,0,0,0,0,0,0,0,0,0,0,0,0,0,0.42373,0,0,0,0,0,0,0,0,0,0,0,0,0,0,0,0,0,0,0,0,0,0,0,0,0,0,0,0,0,0,0,0,0,0,0,0,0,0,0,0,0,0,0,0,0,0,0,0,0,0,0,0,0,0,0,0,0,0,0,0,0,0,0,0,0,0,0,0,0,0,0,0,0,0,0,0,0,0,0,0.32203,0,0,0,0,0.16949,0,0,0,0.084746,0,0,0
0,0,0,0,0,0,0,0,0,0,0,0,0,0,0,0,0,0,0,0,0,0,0,0,0,0,0,0,0,0,0,0,0,0,0,0,0,0,0,0,0,0,0,0,0,0,0,0,0,0,0,0,0,0,0,0,0,0,0,0,0,0,0,0,0,0,0,0,0,0,0,0,0,0,0,0,0,0,0,0,0,0,0,0,0,0,0,0,0,0,0,0,0,0,0,0,0,0,0,0,0,0,0,0,0,0,0,0,0,0,0,0,0,0,0,0,0,0,0,0,0,0,0,0,0,0,0,0,0,0,0,0.52632,0,0,0,0,0.47368,0,0
0,0,0,0,0,0,0,0,0,0,0,0,0,0,0,0,0,0,0,0,0,0,0,0,0,0,0,0,0,0,0,0,0,0,0,0,0,0,0,0,0,0,0,0,0,0,0,0,0,0,0,0,0,0,0,0,0,0,0,0,0,0,0,0,0,0,0,0,0,0,0,0,0,0,0,0,0,0,0,0,0,0,0,0,0,0,0,0,0,0,0,0,0,0,0,0,0,0,0.32143,0,0,0,0,0,0,0,0,0,0,0,0,0,0.26786,0,0,0,0,0,0,0,0,0,0,0,0,0,0,0.17857,0,0,0,0,0,0.071429,0,0,0.16071,0,0
0,0,0,0,0,0,0,0,0,0,0,0,0,0,0,0,0,0,0,0,0,0,0,0,0,0,0,0,0,0,0,0,0,0,0,0,0,0,0,0,0,0,0,0,0,0,0,0,0,0,0,0,0,0,0,0,0,0,0,0,0,0,0,0,0.17391,0,0,0,0,0,0,0,0,0,0,0,0,0,0,0,0,0,0,0,0,0,0,0,0,0,0,0,0,0,0,0,0,0,0,0.054348,0,0,0,0,0,0,0,0,0,0,0,0,0,0,0,0,0,0,0,0,0,0.13043,0,0,0.1413,0,0.20652,0.1087,0,0,0,0.1087,0,0,0.021739,0.054348,0,0,0
0,0,0,0,0,0,0,0,0,0,0,0,0,0,0,0,0,0,0,0,0,0,0,0,0,0,0,0,0,0,0,0,0,0,0,1,0,0,0,0,0,0,0,0,0,0,0,0,0,0,0,0,0,0,0,0,0,0,0,0,0,0,0,0,0,0,0,0,0,0,0,0,0,0,0,0,0,0,0,0,0,0,0,0,0,0,0,0,0,0,0,0,0,0,0,0,0,0,0,0,0,0,0,0,0,0,0,0,0,0,0,0,0,0,0,0,0,0,0,0,0,0,0,0,0,0,0,0,0,0,0,0,0,0,0,0,0,0,0
0,0,0,0,0,0,0,0,0,0,0,0,0,0,0,0,0,0,0,0,0,0,0,0,0,0,0,0,0,0,0,0,0,0,0,0,0,0,0,0,0,0,0,0,0,0,0,0,0,0,0,0,0,0,0,0,0,0,0,0,0,0,0,0,0,0,0,0,0,0,0,0,0,0,0,0,0,0,0,0,0,0,0,0,0,0,0,0,0,0,0,0,0,0,0,0,0,0,0,0,0,0,0,0,0,0,0,0,0,0,0,0,0,0,0,0,0,0,0,0,0,0,0,0,0,0,0,0,0,0,0,0,0,0,0,0,0,0,0
